Duke,128.15778102579,90.805775371877,0.98133386330419,32–2,32,34,56.8,46.2,37.8,23.7,15.7,18.1,38.1,24.8,67.1,60.1,46.6,35.1,30.4,10.4,9.3,59.2,51.4,44.4,45.7,65.802899025127,79.38370912045502,81.3775,0.8561424569827931,2026,0,0.1,91.16124,Unnamed: 34,72.4,71.7,1.226,0.941,38.420585294118,Team,canonical_team,source
Arizona,126.93136973698,91.390753574575,0.97763798560524,32–2,32,34,55.1,45.0,42.9,27.7,15.1,16.7,38.1,26.9,71.4,55.4,43.8,36.0,31.4,10.8,8.3,55.4,48.9,26.8,37.2,70.02658079826,79.00893042575287,81.86600000000001,1.4061999999999997,2026,0,0,73.50619999999999,,73.4,71.5,1.203,0.961,38.742791176471,Arizona,Arizona,barttorvik
Florida,126.09307389021,92.272675650928,0.973172423756,26–7,26,33,53.5,46.3,39.1,34.0,16.5,15.4,43.2,24.8,72.5,57.9,45.2,30.8,32.4,12.4,7.2,54.0,44.5,37.1,33.7,70.398468316495,78.88951545530493,83.084,1.928442934239456,2026,0,0,41.6886,,71.0,72.7,1.198,0.994,39.253233030303,Florida,Florida,barttorvik
Houston,125.33823218502,92.390277495886,0.97089852727071,28–6,28,34,52.1,46.6,26.9,39.0,13.0,21.0,35.9,30.9,64.9,51.9,45.5,34.9,32.1,12.5,6.4,52.9,53.5,40.8,40.9,63.325168715529,77.85105519480521,80.772,1.5528894221155776,2026,0,0,81.96836000000002,,77.2,69.8,1.184,0.965,36.827744117647,Houston,Houston,barttorvik
Illinois,131.94514585595,98.214668195514,0.96755271216395,24–8,24,32,55.1,47.6,32.9,20.6,13.2,11.6,38.7,27.0,66.2,58.2,48.0,34.7,31.4,12.6,8.5,51.2,51.4,50.7,42.2,65.718256066483,79.9889144530433,83.2145,1.548419367747099,2026,0,0,63.05592,,78.9,73.4,1.255,1.038,38.27045625,Illinois,Illinois,barttorvik
Iowa St.,123.76331416637,92.623031368201,0.9655464205676,27–7,27,34,56.5,49.5,34.0,27.9,15.1,22.4,35.3,28.1,68.2,55.5,50.5,38.7,32.1,8.6,9.6,58.4,54.5,38.8,42.8,66.96165457902,78.05994662287004,81.39800000000001,1.9442,2026,0,0,50.468520000000005,,67.2,71.5,1.2,0.956,35.367985294118,Iowa St.,Iowa State (fuzzy),barttorvik
Purdue,133.31184274583,100.25525956106,0.96363734267857,27–8,27,35,57.6,52.3,28.6,26.0,13.5,15.6,36.3,26.4,65.3,58.1,53.1,37.9,34.2,8.9,6.6,66.8,57.5,40.9,45.0,64.436441100192,77.60289914250716,82.13600000000001,2.014805922368948,2026,0,0,59.30004000000001,,74.3,72.0,1.247,1.071,41.28882,Purdue,Purdue,barttorvik
Connecticut,123.09323643149,94.98376077433,0.95171826538713,29–5,29,34,55.3,45.7,30.0,40.2,16.8,18.0,35.7,28.7,66.0,57.1,45.8,35.2,30.3,15.2,9.7,65.0,48.5,40.3,36.2,64.582796644853,78.30306773728638,81.36699999999999,1.996800639872025,2026,0,0,84.26644,,71.6,71.9,1.165,0.979,33.289202941176,Connecticut,UConn,barttorvik
Vanderbilt,127.47435197123,99.359836981375,0.94611045672576,26–8,26,34,55.3,48.8,38.2,41.0,13.3,17.9,31.2,31.6,70.8,56.8,49.1,35.5,32.2,12.6,7.1,56.2,46.6,43.6,37.9,68.981807155585,77.25929730840356,79.921,2.3076000000000003,2026,0,0,35.964000000000006,,79.3,75.2,1.211,1.054,37.116061764706,Vanderbilt,Vanderbilt,barttorvik
Gonzaga,120.31029042253,94.01712805449,0.94458354519965,30–3,30,33,56.3,46.2,31.1,31.0,13.7,20.5,34.8,25.9,70.4,58.7,46.2,34.0,30.8,11.4,6.0,56.7,52.9,31.0,43.7,68.932363153352,77.90968003240177,80.5565,2.110355857656937,2026,0,0,36.78108,,69.9,71.3,1.205,0.934,24.991496969697,Gonzaga,Gonzaga,barttorvik
Texas Tech,126.30394521674,98.812671419844,0.94389829848991,22–10,22,32,56.2,49.4,27.1,31.6,15.9,14.7,33.3,30.1,68.0,53.6,50.6,39.3,31.5,9.5,7.3,55.5,41.5,48.0,35.0,66.408205493924,77.01453726453727,79.48149999999998,1.60112022404481,2026,0,0,41.67508,,71.5,69.4,1.179,1.065,40.1515,Texas Tech,Texas Tech,barttorvik
Michigan St.,122.91897838267,96.185540517795,0.9437647656488,25–7,25,32,53.6,48.6,36.2,30.9,17.1,14.8,38.5,22.6,66.8,53.4,48.0,35.9,32.9,13.3,8.1,67.0,56.4,36.4,46.0,65.980796277193,78.47812940939326,81.66749999999999,1.8147999999999995,2026,0,0,68.79388,,76.3,75.1,1.173,1.017,37.85926125,Michigan St.,Michigan State (fuzzy),barttorvik
Virginia,122.25659939881,95.839792861945,0.94265461431031,29–5,29,34,54.6,45.3,33.0,33.0,16.0,15.6,37.9,29.2,66.5,55.2,44.7,35.9,30.9,17.5,9.6,59.1,50.3,46.5,37.5,65.577639833059,78.06930078609847,82.10949999999998,1.7240000000000006,2026,0,0,53.81412000000001,,72.6,75.8,1.191,1.01,30.579276176471,Virginia,Virginia,barttorvik
St. John's,119.80328175905,94.093246274764,0.94147508244912,28–6,28,34,51.0,47.4,41.9,31.8,14.7,19.4,35.9,30.2,71.0,51.6,47.5,33.2,31.3,12.4,9.5,58.2,47.2,33.8,33.7,69.603760190252,78.15403373298112,80.478,2.300139972005598,2026,0,0,70.08440000000002,,72.7,71.7,1.145,0.982,31.154758823529,St. John's,St John's,barttorvik
Tennessee,121.49164514621,95.517364728756,0.94082068600476,22–11,22,33,51.6,47.7,38.7,36.2,17.1,16.3,45.1,27.9,67.3,52.2,49.2,33.4,30.6,11.3,9.4,59.8,45.4,31.7,44.4,65.224778445405,78.43406482786389,82.26550000000002,1.4730946189237843,2026,0,0,59.74807999999999,,69.4,70.3,1.168,1.019,38.535112121212,Tennessee,Tennessee,barttorvik
Louisville,124.0341864148,98.168917061324,0.93640285709725,23–10,23,33,56.4,48.8,33.5,33.4,16.4,16.7,32.9,26.9,71.0,59.7,48.6,35.7,32.7,9.2,12.4,59.5,48.3,52.8,39.1,69.712307249912,78.24573035965443,81.6455,2.20755848830234,2026,0,0,39.1202,,76.9,71.2,1.194,1.017,35.242454242424,Louisville,Louisville,barttorvik
Alabama,129.51319173032,102.79969931962,0.93441070773789,23–9,23,32,55.4,49.2,37.2,32.7,13.0,12.6,31.8,32.8,74.6,57.3,48.6,35.8,33.5,11.3,12.1,53.5,46.7,53.7,35.1,73.059236743011,77.92074989348103,81.1025,1.5260104041616644,2026,0,0,73.55499999999999,,76.5,69.7,1.22,1.111,40.717803125,Alabama,Alabama,barttorvik
Arkansas,127.93803483322,101.644445628,0.933748510578,26–8,26,34,56.5,51.4,36.4,31.3,12.3,15.7,32.2,31.2,72.4,55.6,53.7,38.9,31.7,12.9,6.7,53.0,49.8,33.4,38.2,70.974271241212,78.51552539584618,81.43,1.4573085382923416,2026,0,0,80.52480000000001,,74.7,72.0,1.225,1.091,38.359638235294,Arkansas,Arkansas,barttorvik
Nebraska,117.20707807446,93.495273066186,0.93082044157747,26–6,26,32,55.4,47.8,27.2,24.8,14.4,19.2,26.3,27.7,67.3,58.1,50.6,35.3,29.9,8.7,9.3,65.6,60.5,50.7,49.3,66.820930455801,77.6454033771107,80.688,2.2596519303860774,2026,0,0,42.45756,,75.0,72.6,1.14,0.977,35.28982375,Nebraska,Nebraska,barttorvik
Wisconsin,127.18365043418,101.64523168885,0.92940924666119,24–10,24,34,54.5,51.3,31.9,30.5,12.8,14.4,29.4,28.2,68.9,54.8,52.3,36.1,33.3,8.5,12.5,57.3,50.6,52.6,40.2,68.693956169808,78.86994691710903,82.48400000000001,1.870825834833033,2026,0,0,38.62268,,78.6,72.9,1.188,1.087,38.167742941176,Wisconsin,Wisconsin,barttorvik
Kansas,117.81838223315,94.361419289065,0.9277840529606,23–10,23,33,51.6,45.2,32.6,27.7,15.5,14.0,29.5,30.1,68.2,51.1,44.7,35.0,30.7,15.6,8.3,53.3,48.0,35.7,42.0,67.6096555724,78.15273178807945,80.74949999999998,1.6293482606957213,2026,0,0,57.84776,,76.7,69.4,1.1,1.009,41.653651515152,Kansas,Kansas,barttorvik
Ohio St.,125.20954719105,101.58685824681,0.91715895308635,21–12,21,33,56.5,50.3,37.8,35.1,15.4,15.8,30.8,30.0,66.6,58.2,52.3,36.0,31.6,7.0,8.8,52.0,53.4,40.1,40.3,66.161466827771,77.66639411283727,81.619,1.7792441511697663,2026,0,0,68.94604000000001,,77.5,74.3,1.186,1.082,37.863398787879,Ohio St.,Ohio State (fuzzy),barttorvik
UCLA,124.5564562706,101.78364463273,0.91067957720388,23–11,23,34,53.9,50.4,33.1,34.7,13.4,18.1,31.1,32.4,65.7,52.0,52.7,38.2,31.8,9.4,8.1,59.4,63.3,35.9,44.7,64.687688535148,77.99739060618226,81.29899999999999,2.2438,2026,0,0,70.28092000000001,,76.7,75.3,1.17,1.069,36.262001764706,UCLA,UCLA,barttorvik
Saint Mary's,119.36495386585,97.547103041728,0.91062401729307,26–5,26,31,52.9,46.7,35.8,25.7,16.4,15.2,37.6,23.8,66.4,50.2,46.6,38.6,31.2,9.7,8.9,58.0,52.7,36.1,36.8,65.302139142831,78.71512810085402,82.369,1.3486000000000002,2026,0,0,36.98912,,81.1,72.3,1.169,0.984,22.728403225806,Saint Mary's,Saint Mary's,barttorvik
Iowa,122.12738795511,100.20358692977,0.90681889539544,21–12,21,33,56.6,52.7,34.5,39.1,15.2,21.0,30.1,28.0,63.4,58.7,54.0,35.7,33.7,6.7,8.3,58.0,51.0,41.6,39.1,63.027100530797,78.48589278516727,80.79849999999999,1.7763999999999998,2026,0,0,14.298840000000004,,77.0,73.1,1.182,1.037,35.504284848485,Iowa,Iowa,barttorvik
North Carolina,121.41258264206,100.00573111735,0.90296576402066,24–8,24,32,54.6,48.2,37.4,23.8,14.0,13.6,31.4,28.1,68.8,56.7,46.1,34.5,34.5,8.6,9.0,57.0,48.1,42.3,36.9,67.985608057654,79.15033611733553,82.72800000000001,1.5225909636145545,2026,0,0,63.83500000000001,,68.4,70.1,1.16,1.037,33.4112278125,North Carolina,North Carolina,barttorvik
Utah St.,123.0259098312,102.09072948461,0.89521283345327,27–6,27,33,56.6,49.6,38.7,38.9,15.4,20.6,33.1,32.2,68.3,59.3,48.7,35.1,33.9,8.8,9.9,59.8,49.6,40.7,40.9,67.553706397746,77.68017100977198,80.95550000000001,2.1846,2026,0,0,26.4582,,70.6,73.3,1.191,1.033,23.023024242424,Utah St.,Utah State (fuzzy),barttorvik
Santa Clara,125.00630319751,103.75031472989,0.8950443267912,25–8,25,33,54.6,51.8,25.8,38.3,15.6,20.1,36.7,32.3,69.6,56.5,53.2,34.9,33.0,10.6,8.4,55.0,60.5,45.0,38.2,69.25742380183,78.35102122547057,81.822,1.4351129774045197,2026,0,0,20.0158,,74.0,73.6,1.191,1.05,24.147545454545,Santa Clara,Santa Clara,barttorvik
Clemson,116.56351074564,97.003690862887,0.89210289248109,24–10,24,34,52.6,48.9,37.1,33.1,14.2,17.5,28.1,25.7,65.5,53.8,49.0,34.1,32.6,9.1,10.3,50.2,46.4,42.9,42.9,64.273314276237,77.95347419748069,81.53799999999998,2.3436625349860054,2026,0,0,43.89048,,72.6,74.7,1.124,1.012,31.538020294118,Clemson,Clemson,barttorvik
Kentucky,119.91134698613,99.976089589165,0.89002033987333,21–13,21,34,53.1,48.8,37.5,37.0,15.0,15.8,33.8,30.1,69.8,54.4,49.6,34.1,31.6,12.3,8.7,57.0,55.2,39.2,39.5,68.319267916416,78.76493217250456,81.87,1.5806,2026,0,0,85.09200000000001,,72.8,73.0,1.157,1.058,40.787994117647,Kentucky,Kentucky,barttorvik
Cincinnati,112.31147726296,93.693809567508,0.8893683507246,18–15,18,33,50.5,47.3,29.4,30.0,17.0,18.2,30.6,27.3,69.2,50.2,47.9,33.9,31.0,12.1,6.8,63.7,54.5,43.8,39.9,67.651237855665,78.5142798857609,83.3025,2.003798480607756,2026,0,0,61.91599999999999,,68.1,71.1,1.053,0.973,32.722551515152,Cincinnati,Cincinnati,barttorvik
BYU,124.74977814849,104.32148270991,0.88661034394526,23–11,23,34,54.7,51.2,34.2,28.9,15.3,16.5,34.6,29.3,70.4,56.2,50.0,34.9,35.3,11.9,7.9,45.4,54.3,39.8,39.2,69.779135681032,78.10814693207472,80.916,1.4626925385077023,2026,0,0,48.94892,,74.6,71.3,1.187,1.065,38.240179411765,BYU,BYU,barttorvik
Indiana,121.91141406073,102.07439345671,0.88516897655028,18–14,18,32,56.1,49.0,35.0,37.0,15.1,15.1,26.9,29.3,66.6,60.3,48.6,34.7,33.1,7.4,10.1,62.5,49.0,50.5,36.8,66.199175040005,78.06789623023916,80.387,2.6379275855171023,2026,0,0,24.054080000000003,,78.0,75.8,1.16,1.071,35.787376875,Indiana,Indiana,barttorvik
Miami FL,121.08818642166,101.45048500368,0.88441342736562,25–8,25,33,55.6,51.7,37.5,29.0,16.2,18.4,37.0,26.3,69.3,57.2,50.8,34.7,35.4,10.0,10.2,53.7,54.3,31.7,40.9,67.929658069034,78.41685144124168,81.4915,1.6704659068186365,2026,0,0,80.78276,,68.5,69.7,1.182,1.027,29.319593939394,Miami FL,Miami,barttorvik
Villanova,119.59680643077,100.54299174367,0.8803467968104,24–8,24,32,53.7,51.3,31.3,28.9,15.1,18.7,32.4,31.7,66.5,54.4,51.5,35.3,33.9,6.0,7.5,56.8,53.7,45.7,36.9,64.946396802365,77.56981436642452,80.70500000000001,1.5479095819163835,2026,0,0,63.74976000000001,,69.4,71.8,1.148,1.053,30.122120625,Villanova,Villanova,barttorvik
Georgia,124.35294309014,104.766207851,0.87772003481061,22–10,22,32,54.6,50.1,37.0,30.8,14.3,18.4,35.2,34.9,73.5,57.3,49.9,34.1,33.7,15.1,9.6,48.4,47.3,43.9,37.6,72.025941214017,77.41517767516564,81.5095,1.5532,2026,0,0,61.0202,,75.4,71.7,1.205,1.062,32.375671875,Georgia,Georgia,barttorvik
N.C. State,124.07872887016,104.67033805732,0.87611631481238,20–13,20,33,55.3,53.0,35.2,36.5,13.1,18.2,28.5,30.3,69.6,53.1,52.7,38.8,35.6,10.6,9.3,54.8,49.4,43.9,45.3,69.091922113322,77.76222910216717,79.315,2.1894757903161257,2026,0,0,63.20464,,76.8,69.8,1.19,1.088,32.773748484848,N.C. State,NC State,barttorvik
Oklahoma,125.19772154466,105.85805912087,0.87321000786697,19–15,19,34,55.1,51.2,35.9,34.0,14.4,15.3,33.6,33.0,68.4,55.0,51.1,36.8,34.2,10.4,10.0,50.2,50.7,43.8,39.7,66.149482613974,77.37487477459426,81.4455,2.249999999999999,2026,0,0,54.22539999999999,,74.5,74.5,1.201,1.119,35.161961764706,Oklahoma,Oklahoma,barttorvik
Texas A&M,119.85767626731,101.42911290536,0.87212346294219,21–11,21,32,54.2,50.8,37.4,35.6,14.6,18.3,32.3,32.5,72.6,54.1,53.1,36.2,31.7,8.9,11.5,61.3,56.3,46.3,41.5,71.015860834299,77.08243654822336,80.34200000000001,2.496698018811286,2026,0,0,29.541280000000004,,73.7,74.8,1.182,1.072,32.47291875,Texas A&M,Texas A&M,barttorvik
Auburn,124.17694137853,105.84241924121,0.86261666947763,17–16,17,33,52.3,53.6,44.7,35.4,14.7,16.3,37.6,32.1,69.2,53.4,52.8,33.8,36.5,11.7,12.6,46.2,51.3,39.2,39.8,67.351951562434,78.25996642887117,80.556,1.464707058588282,2026,0,0,46.52152,,74.4,74.7,1.186,1.138,41.943203030303,Auburn,Auburn,barttorvik
SMU,123.01274190726,104.99181105421,0.8607657021513,20–13,20,33,55.7,51.4,30.6,32.0,15.9,17.1,35.4,31.6,70.7,55.5,52.0,37.4,33.9,11.2,7.6,55.1,60.6,36.0,47.2,68.62208707582,78.11648129423659,82.065,2.034406881376276,2026,0,0,44.28856,,74.1,71.8,1.182,1.089,31.991287575758,SMU,SMU,barttorvik
Saint Louis,119.50737932399,102.25257925647,0.8573215025456,27–5,27,32,59.7,44.8,34.7,37.2,17.4,16.1,31.1,27.0,71.9,58.9,44.6,40.5,30.0,9.5,10.7,60.2,51.6,45.1,41.6,71.013903875576,77.53359520363863,80.11099999999999,1.9388000000000003,2026,0,0,21.91348,,74.4,73.2,1.202,0.983,15.90715,Saint Louis,Saint Louis,barttorvik
San Diego St.,112.21372040806,96.148751598565,0.85530759282942,21–11,21,32,52.7,48.2,39.0,38.5,17.2,20.3,29.5,31.1,69.2,53.2,46.2,34.5,33.6,15.3,6.2,54.4,58.2,33.8,47.3,68.598666518608,78.20193081255027,80.89,1.759599999999999,2026,0,0,51.65987999999999,,73.0,73.2,1.088,1.01,27.150196875,San Diego St.,San Diego State (fuzzy),barttorvik
Texas,124.02782664935,106.39588532196,0.8536348515567,17–14,17,31,54.2,51.2,46.2,40.7,15.3,13.4,35.7,26.9,68.6,55.3,49.8,34.9,36.0,7.4,10.5,43.1,45.8,36.2,33.3,67.098665224742,78.11239837398372,81.40249999999997,2.237647529505901,2026,0,0,55.96816,,75.3,74.0,1.195,1.11,37.661432258065,Texas,Texas,barttorvik
Missouri,119.94650974432,103.04848552329,0.85147694516108,20–12,20,32,55.3,51.4,42.5,35.1,18.0,16.6,35.5,31.4,68.4,56.9,48.9,35.0,36.5,10.4,9.8,50.6,51.8,36.0,43.1,66.379696330084,79.27496942519363,82.79449999999999,2.2821128451380552,2026,0,0,66.40128,,68.6,74.7,1.156,1.094,34.0178625,Missouri,Missouri,barttorvik
Baylor,123.40904576464,106.5820667198,0.84366774534428,15–16,15,31,53.8,52.5,34.8,30.2,16.5,16.1,37.5,32.2,69.6,55.2,52.2,34.5,35.5,9.7,8.8,53.3,48.3,39.6,34.7,67.834963646453,77.28412537917086,79.76549999999997,1.846,2026,0,0,49.102880000000006,,73.3,75.2,1.167,1.116,37.223019354839,Baylor,Baylor,barttorvik
VCU,119.28406900672,103.04177946028,0.84334000551704,27–7,27,34,54.1,48.9,43.7,33.1,15.2,17.2,32.3,29.9,69.4,53.3,48.4,36.7,33.1,11.3,8.9,52.7,50.3,43.8,34.7,68.68098165261,77.71323379014113,80.89299999999999,1.7028594281143763,2026,0,0,21.1168,,73.9,71.2,1.176,1.031,19.620226470588,VCU,VCU,barttorvik
TCU,114.85214146008,99.64235765622,0.83667171211209,22–11,22,33,50.9,51.0,38.7,30.4,15.5,19.7,34.4,29.2,69.7,51.6,51.3,33.1,33.7,12.6,9.9,57.6,61.0,36.9,38.1,67.579604819364,76.42618151401088,79.205,1.806761352270454,2026,0,0,50.35112,,70.8,71.9,1.111,1.023,33.817657575758,TCU,TCU,barttorvik
South Florida,116.77536226023,101.38157375769,0.83557267538018,24–8,24,32,50.9,48.4,41.1,38.8,15.2,18.8,38.2,31.8,72.9,51.9,46.7,33.1,33.9,10.9,13.3,58.8,51.3,43.8,39.5,71.401491623893,77.06144455747712,79.72200000000001,2.246999999999999,2026,0,0,30.827520000000003,,74.3,70.1,1.17,1.026,18.20390625,South Florida,South Florida,barttorvik
Florida St.,119.43790601454,103.95487786276,0.83155054577455,18–15,18,33,52.3,52.2,34.7,32.7,15.2,19.0,30.8,34.1,71.8,55.1,52.5,33.1,34.6,11.6,12.8,52.5,55.7,50.6,44.9,70.608171555294,78.3144948160195,80.7565,2.12382476495299,2026,0,0,26.706000000000003,,71.3,70.9,1.119,1.085,33.263460606061,Florida St.,Florida State (fuzzy),barttorvik
Washington,116.76801040981,102.216428663,0.82209590468585,16–17,16,33,51.2,50.2,30.1,31.0,15.3,14.3,34.6,28.5,67.9,53.4,50.0,31.5,33.6,11.2,8.7,49.4,49.1,34.6,38.2,67.056154492977,77.84050939963615,82.0695,1.3417949230461717,2026,0,0,72.91720000000001,,76.4,72.3,1.122,1.071,34.972545454545,Washington,Washington,barttorvik
Virginia Tech,117.61584930864,103.12091427557,0.81943113142077,19–13,19,32,52.2,50.8,34.0,28.8,14.9,17.2,31.9,32.6,67.9,51.5,54.1,35.5,30.6,8.7,9.3,52.4,47.0,39.7,39.6,67.189588892705,77.89095690875988,81.08949999999999,1.435687137427486,2026,0,0,57.92464,,74.3,74.3,1.128,1.072,31.151471875,Virginia Tech,Virginia Tech,barttorvik
New Mexico,116.44497215523,102.12794301941,0.81887041913609,22–10,22,32,53.6,49.6,36.2,34.9,15.3,19.1,30.3,27.6,70.5,53.3,53.6,36.1,30.3,9.1,8.7,52.6,54.4,41.8,48.1,69.829271613132,77.19022075510622,80.97949999999999,1.4871948779511808,2026,0,0,11.008400000000004,,72.5,73.7,1.136,1.016,23.3480375,New Mexico,New Mexico,barttorvik
Grand Canyon,111.09212204874,97.559445431592,0.81665181147833,20–12,20,32,51.7,47.4,39.5,39.0,17.6,17.3,31.3,25.3,69.0,54.2,47.2,31.8,31.9,10.5,7.9,49.6,50.1,38.9,38.2,68.012966815854,78.53414387031407,82.1965,2.31886377275455,2026,0,0,43.854200000000006,,75.3,73.2,1.092,0.991,21.566665625,Grand Canyon,Grand Canyon,barttorvik
Boise St.,118.12457776104,103.79749909873,0.81561647043053,19–11,19,30,52.2,52.7,42.7,32.1,16.9,14.5,33.2,23.6,66.6,52.7,53.3,34.3,34.4,5.9,9.8,49.5,45.1,43.1,36.8,65.742611203544,78.86479852730619,81.0515,2.022395520895821,2026,0,0,31.985200000000003,,78.7,71.0,1.134,1.072,25.490456666667,Boise St.,Boise State (fuzzy),barttorvik
UCF,119.99825263367,105.68982738282,0.81155380132171,21–11,21,32,52.8,52.4,30.8,35.2,15.7,15.8,34.4,28.5,70.6,52.1,53.2,36.2,34.0,8.3,9.0,53.6,51.3,34.4,39.7,69.116064605302,78.6957935378988,82.08,2.4293717486994795,2026,0,0,42.095560000000006,,74.0,74.3,1.137,1.102,33.92425625,UCF,UCF,barttorvik
Minnesota,115.95557328906,102.13238024086,0.8114988837558,15–17,15,32,54.2,51.9,35.9,27.3,16.6,17.1,27.2,29.8,63.0,56.0,51.7,34.8,34.7,8.2,12.0,72.0,61.4,47.1,41.7,62.650098225466,77.842830693273,79.777,1.969,2026,0,0,17.44336,,70.0,72.7,1.099,1.075,34.058664375,Minnesota,Minnesota,barttorvik
Stanford,117.06651850079,103.67525581137,0.80170844981919,20–12,20,32,51.7,51.2,35.7,40.3,15.5,18.3,32.3,30.1,67.9,50.4,51.5,35.6,33.7,10.2,9.4,46.3,42.7,44.2,33.5,66.997402737759,77.42805026347791,81.1445,1.7448000000000006,2026,0,0,31.34192,,73.1,75.6,1.118,1.07,27.63156875,Stanford,Stanford,barttorvik
Seton Hall,108.75699573142,96.326496338897,0.80151411219307,21–12,21,33,47.6,47.3,35.3,42.1,16.7,21.5,35.6,31.9,66.5,48.3,46.3,30.5,32.4,18.7,8.7,51.6,58.3,26.8,42.2,65.156652905005,76.2787018255578,79.80850000000001,2.012597480503899,2026,0,0,26.008560000000003,,72.3,71.2,1.058,0.983,28.378660606061,Seton Hall,Seton Hall,barttorvik
Arizona St.,115.21421521483,102.33790803774,0.79623049120232,17–16,17,33,51.1,52.4,39.5,34.3,17.1,18.5,29.8,34.9,70.6,51.7,52.3,33.4,35.0,12.8,9.6,53.0,55.4,38.4,40.3,69.214221916676,79.01179341195608,83.501,1.9127999999999996,2026,0,0,16.10504,,75.3,74.2,1.081,1.11,38.123993939394,Arizona St.,Arizona State (fuzzy),barttorvik
West Virginia,108.49904982003,96.599150213601,0.79182674469363,18–14,18,32,51.1,48.3,35.5,29.2,17.5,18.1,31.0,29.0,64.0,52.5,45.7,32.8,35.0,8.6,11.2,53.2,55.1,42.9,38.1,62.462942686888,76.8490566037736,80.71050000000001,2.4662,2026,0,0,23.53712,,67.7,72.2,1.069,1.0,31.247440625,West Virginia,West Virginia,barttorvik
Northwestern,116.45461374617,103.74657174348,0.7906471621032,15–19,15,34,51.7,51.0,33.9,34.8,13.0,17.5,28.1,34.7,65.3,52.9,51.6,33.0,33.4,10.6,6.4,65.8,63.8,34.0,40.2,65.105490501735,77.31012276111892,80.55149999999999,1.4578000000000002,2026,0,0,40.8292,,75.1,74.1,1.116,1.098,38.053473529412,Northwestern,Northwestern,barttorvik
Mississippi,114.05937568981,101.69354431941,0.7891295072202,15–20,15,35,50.4,50.5,33.0,41.2,14.0,16.4,28.3,32.6,68.3,50.8,50.8,33.2,33.4,12.9,7.9,50.2,57.4,35.5,42.6,66.070828988883,77.80672609400325,80.527,1.9572000000000005,2026,0,0,47.43616,,74.9,71.7,1.092,1.095,36.976588571429,Mississippi,Mississippi State (fuzzy),barttorvik
Tulsa,120.95482925345,108.26016145033,0.78161781261238,24–7,24,31,56.5,49.9,40.9,32.0,15.2,15.5,32.0,29.0,68.6,54.3,49.6,39.4,33.5,6.5,9.8,55.8,49.8,46.5,40.1,67.778746818284,77.62859440981298,80.381,2.0722,2026,0,0,2.9477600000000024,,78.3,72.6,1.215,1.066,14.019751612903,Tulsa,Tulsa,barttorvik
USC,113.09607347645,101.32437739227,0.77970916432139,17–14,17,31,50.4,49.7,44.2,33.4,17.4,16.3,32.4,32.2,71.0,51.8,52.0,31.7,30.9,14.9,8.3,56.5,54.1,34.1,40.4,70.723847335794,78.88897795591181,82.571,2.1201279232460517,2026,0,0,33.86755999999999,,72.6,77.7,1.075,1.083,34.977153548387,USC,USC,barttorvik
Wake Forest,117.88250226064,105.64058198409,0.779185569604,17–16,17,33,52.6,52.0,35.1,36.2,15.4,17.8,29.7,32.9,69.5,53.3,54.2,34.4,33.0,11.1,8.4,53.2,57.6,43.7,46.8,68.290200345302,77.99716369529983,80.071,1.973394678935787,2026,0,0,37.73044000000001,,77.4,73.8,1.122,1.096,32.655790606061,Wake Forest,Wake Forest,barttorvik
California,113.77210348565,102.15471632317,0.77532927815372,20–11,20,31,52.2,49.6,37.3,37.2,15.0,16.1,25.8,30.3,69.3,50.5,51.9,36.3,30.9,9.0,11.2,53.8,55.4,42.7,41.4,67.860726859842,77.3331264225119,80.9425,2.25245049009802,2026,0,0,60.06500000000001,,77.4,65.8,1.108,1.049,26.805087096774,California,California,barttorvik
Northern Iowa,109.76997729281,98.568647218677,0.77517892973204,22–12,22,34,54.2,47.2,25.7,29.3,14.6,18.1,22.0,26.3,63.4,55.3,50.0,34.9,28.9,9.8,8.1,57.1,49.3,39.6,41.5,62.186870702041,77.56541867954911,79.7265,2.320735852829434,2026,0,0,19.87404,,69.7,71.8,1.081,0.971,14.534020588235,Northern Iowa,Northern Iowa,barttorvik
LSU,118.82868653276,106.74296645169,0.77442698396385,15–17,15,32,52.8,50.9,40.9,37.8,15.6,13.9,33.1,31.7,68.7,54.5,49.5,33.1,35.4,10.3,8.3,52.5,46.3,34.5,37.9,66.586340691822,78.30406673618353,81.24149999999999,2.2222000000000004,2026,0,0,35.3116,,76.4,69.8,1.155,1.113,32.7050375,LSU,LSU,barttorvik
Akron,117.19479007659,105.37560204701,0.77250713536985,27–5,27,32,58.5,50.6,29.1,30.3,15.5,18.4,33.5,29.9,71.2,59.1,49.0,38.5,35.1,8.4,8.3,57.4,50.8,45.1,43.2,70.320741008044,75.20543681261672,77.93050000000001,2.446910617876425,2026,0,0,12.799920000000002,,75.3,72.2,1.219,1.046,11.163446875,Akron,Akron,barttorvik
Butler,117.23446123374,105.58907666248,0.76908305817968,16–16,16,32,50.9,51.9,42.1,24.9,15.9,15.1,34.6,30.0,70.0,51.9,53.1,32.7,33.3,8.0,11.9,57.2,53.7,34.9,37.5,68.899809116645,78.19947240259741,80.81099999999999,1.7818000000000005,2026,0,0,51.239160000000005,,71.9,71.8,1.117,1.091,29.625240625,Butler,Butler,barttorvik
McNeese St.,113.15603553861,102.12702066589,0.76482718578742,26–5,26,31,51.0,48.9,38.3,42.1,14.3,24.6,35.0,35.0,66.5,52.9,49.1,31.6,32.5,15.8,6.7,49.2,57.2,35.1,46.8,66.136072625314,77.0894863563403,79.7445,1.9186162767446515,2026,0,0,48.48188,,74.0,72.8,1.143,0.997,14.155185806452,McNeese St.,McNeese (fuzzy),barttorvik
Providence,120.86302583313,109.16697060397,0.76322857983894,15–18,15,33,55.0,51.4,36.7,32.7,16.7,13.1,31.7,30.8,72.3,55.3,50.4,36.4,35.3,9.6,8.6,47.5,54.7,40.5,38.5,71.326870103455,78.11715223635619,80.189,1.595319063812762,2026,0,0,45.02404000000001,,75.7,72.1,1.15,1.132,31.798009090909,Providence,Providence,barttorvik
Oklahoma St.,118.5459397076,107.24798446633,0.7598401194649,19–14,19,33,52.1,52.9,39.4,32.5,15.9,16.0,31.3,30.7,74.1,52.8,52.6,33.8,35.5,7.2,10.3,51.0,57.1,35.9,42.7,72.175930594306,77.4767513949163,80.91549999999998,1.9390121975604877,2026,0,0,43.0064,,75.1,71.0,1.126,1.107,32.705703030303,Oklahoma St.,Oklahoma State (fuzzy),barttorvik
Colorado,118.01729118361,106.81465629719,0.75895594406519,17–15,17,32,53.2,52.9,35.8,36.3,14.5,15.4,29.0,29.8,70.1,53.3,51.6,35.3,36.8,8.8,8.8,55.7,51.0,35.1,35.8,68.609046738188,77.94532663316583,82.59800000000001,0.9575915183036608,2026,0,0,35.62556,,75.7,73.7,1.132,1.125,31.584165625,Colorado,Colorado,barttorvik
Marquette,111.77285238743,101.18672136529,0.75846155803386,12–20,12,32,50.5,50.6,32.8,32.0,16.0,19.3,29.7,34.7,70.1,52.7,51.5,31.7,32.7,8.4,10.0,58.1,60.2,42.2,39.5,69.220049600653,77.57046568627449,80.967,1.3630000000000004,2026,0,0,61.08575999999999,,67.5,76.1,1.06,1.069,32.00375,Marquette,Marquette,barttorvik
Georgetown,114.00791629998,103.30262424755,0.75656872923432,16–18,16,34,49.6,49.9,37.3,33.9,15.8,16.2,32.5,31.5,67.1,50.7,50.0,31.8,33.3,10.3,9.1,57.8,54.9,35.2,41.2,66.210940626729,78.28387492335989,81.69500000000001,1.7395479095819164,2026,0,0,54.19208,,74.0,72.6,1.087,1.076,31.140144117647,Georgetown,Georgetown,barttorvik
Nevada,114.50082217434,103.80402006083,0.75544911177049,22–12,22,34,49.7,51.0,46.6,40.3,14.9,17.4,32.1,27.2,66.8,47.5,51.0,36.2,34.1,12.0,9.5,57.2,55.5,32.3,42.4,66.045987100672,77.07622136630854,80.337,2.040599999999999,2026,0,0,14.97024,,75.2,71.1,1.12,1.056,22.807061764706,Nevada,Nevada,barttorvik
Belmont,120.11057143034,108.99075351727,0.75347297588986,25–6,25,31,61.0,49.9,32.5,30.7,18.1,17.4,28.8,29.2,70.0,60.6,48.5,41.0,34.2,11.3,9.4,61.9,54.5,45.7,49.1,68.968014464326,77.82344517184944,80.94400000000002,1.4518,2026,0,0,5.770400000000003,,68.6,75.7,1.184,1.051,12.465829032258,Belmont,Belmont,barttorvik
Dayton,110.09507533065,100.06442724774,0.74999689346932,23–11,23,34,51.7,50.9,47.1,35.7,17.4,21.2,27.0,29.2,68.1,52.1,49.1,34.1,35.6,12.4,11.5,59.9,51.0,41.5,41.0,67.018811029356,77.34752353663528,80.8885,2.2067586482703456,2026,0,0,13.676240000000002,,75.1,70.8,1.08,1.015,21.743132352941,Dayton,Dayton,barttorvik
Syracuse,115.14737055682,104.68518316816,0.74940374821368,15–17,15,32,52.6,50.3,35.1,32.6,16.0,17.4,29.2,33.6,67.8,54.5,49.8,32.9,34.1,15.4,7.9,47.1,53.0,37.2,35.9,67.378398508561,78.27443298969074,80.8915,1.8755999999999995,2026,0,0,46.41524,,64.8,72.1,1.085,1.074,32.4284778125,Syracuse,Syracuse,barttorvik
George Washington,117.39172608998,106.95196849305,0.74480049090565,17–15,17,32,54.6,52.3,35.5,34.9,17.9,17.8,36.2,28.1,70.0,56.5,53.7,35.0,33.6,10.3,10.2,55.1,59.8,46.7,43.2,69.33210502617,77.86680121089809,81.303,2.2802,2026,0,0,20.76844,,71.8,73.1,1.161,1.064,17.611603125,George Washington,George Washington,barttorvik
Wichita St.,111.32073672281,102.01834350501,0.73175079064015,21–11,21,32,49.5,47.3,36.1,34.6,15.0,15.9,38.3,29.3,67.3,49.0,47.7,33.5,30.9,10.2,8.4,42.0,43.2,34.1,33.8,66.239619366469,76.35535677983329,81.1145,2.208516593362655,2026,0,0,9.898840000000002,,68.8,70.7,1.121,1.024,17.05701875,Wichita St.,Wichita State (fuzzy),barttorvik
Creighton,114.89341304964,105.32895375576,0.73096810040538,15–17,15,32,53.1,51.1,27.5,24.6,16.5,14.0,27.5,29.7,68.5,54.3,50.2,34.5,35.4,6.2,10.6,58.4,50.9,48.2,32.0,67.354609513437,78.23872026251024,80.5775,1.907981596319264,2026,0,0,55.06696,,76.0,70.6,1.092,1.091,33.2341875,Creighton,Creighton,barttorvik
Miami OH,116.6787553324,107.59268172084,0.71754698831907,28–1,28,29,59.2,50.8,40.2,30.9,14.5,17.5,25.3,28.1,71.3,61.5,51.6,37.5,33.0,8.1,7.8,51.0,46.6,44.6,36.8,69.941648534868,77.51274083281541,80.1165,1.6927229108356658,2026,0,0,11.1862,,75.0,74.0,1.203,1.053,8.2664482758621,Miami OH,Miami (OH) (fuzzy),barttorvik
Utah Valley,112.34404193355,103.60318062531,0.7173746904152,22–8,22,30,55.1,49.0,38.2,39.3,20.2,21.2,34.8,31.4,69.4,57.1,47.5,33.9,34.8,13.9,7.8,61.4,51.9,32.7,32.9,68.631569607174,77.9040812098612,80.1645,1.7523504700940182,2026,0,0,10.370680000000002,,68.3,72.7,1.105,1.004,12.877386666667,Utah Valley,Utah Valley,barttorvik
Colorado St.,118.24869829387,109.14345249682,0.715339421924,20–12,20,32,58.0,53.1,39.6,34.2,18.6,15.3,30.0,29.0,64.3,57.3,54.4,39.1,34.3,6.9,8.7,63.0,46.7,49.0,43.1,62.982436993244,77.65068493150686,80.932,1.775155031006201,2026,0,0,31.19932,,77.1,69.3,1.168,1.114,21.708603125,Colorado St.,Colorado State (fuzzy),barttorvik
Stephen F. Austin,112.5231337445,104.05857394699,0.71081717223024,26–5,26,31,51.7,47.9,30.4,30.0,14.1,17.6,33.9,28.6,66.1,50.2,49.2,36.0,30.4,9.8,10.1,48.9,47.4,39.6,35.0,65.707778378794,75.53051643192488,78.365,2.2468000000000004,2026,0,0,0.2000000000000028,,68.7,72.6,1.13,0.999,9.4348870967742,Stephen F. Austin,Stephen F Austin,barttorvik
Oregon,111.79543166113,103.51704115078,0.70780477936387,12–20,12,32,49.5,50.9,35.0,32.0,17.6,15.7,32.3,32.3,66.5,50.5,51.5,32.1,33.4,11.7,9.5,59.0,52.9,42.8,42.1,65.932797982345,78.82276686246709,82.3975,2.3214,2026,0,0,49.744800000000005,,73.0,78.7,1.061,1.108,35.456046875,Oregon,Oregon,barttorvik
Hofstra,113.17015888275,104.89539618961,0.70540742339133,22–10,22,32,51.5,45.9,32.5,35.4,16.1,15.0,34.9,30.5,65.3,48.6,44.2,36.8,32.3,10.4,10.6,48.5,55.2,43.1,40.6,64.713800182425,77.42445027234214,81.1775,1.8954,2026,0,0,0.2000000000000028,,75.9,71.7,1.133,1.027,11.966753125,Hofstra,Hofstra,barttorvik
Yale,118.85841688156,110.42514660191,0.69979963935256,22–6,22,28,56.1,52.0,35.2,27.1,14.0,16.4,33.8,29.2,65.6,54.0,51.7,39.9,34.9,9.8,9.2,55.7,52.4,36.0,45.3,64.657489731783,77.44168220426765,79.679,1.9601920384076807,2026,0,0,10.744280000000003,,75.9,73.5,1.213,1.083,11.864014285714,Yale,Yale,barttorvik
High Point,115.69210289486,107.50605545858,0.69929223371088,27–4,27,31,54.7,50.1,42.9,36.4,13.0,21.9,32.1,31.7,70.9,57.1,51.6,34.4,31.9,11.0,10.4,52.7,51.9,42.9,41.4,69.889098156195,76.31197022948108,79.626,2.5413999999999994,2026,0,0,13.908600000000002,,74.2,70.5,1.209,1.004,5.6624161290323,High Point,High Point,barttorvik
Xavier,117.25816544633,109.28725931934,0.69201990726302,15–18,15,33,51.8,54.1,28.1,32.6,13.9,15.5,26.5,29.5,71.2,49.8,55.3,36.5,34.8,10.3,10.2,62.2,63.3,40.6,36.9,70.310575709901,78.61173860427591,81.55350000000001,2.351189286428144,2026,0,0,32.0656,,72.9,70.3,1.092,1.124,31.841190909091,Xavier,Xavier,barttorvik
Wyoming,115.10153045441,107.37695954129,0.68973769779901,17–14,17,31,52.0,52.2,35.6,48.4,16.4,16.7,34.7,27.5,67.3,54.1,53.7,32.9,33.0,7.0,11.1,53.2,45.4,43.0,36.2,66.050418878286,77.04048251891228,79.96199999999999,1.5731999999999997,2026,0,0,8.991960000000004,,75.0,70.2,1.135,1.083,21.913238709677,Wyoming,Wyoming,barttorvik
Cal Baptist,107.49377997604,100.31003849674,0.688994549207,25–8,25,33,48.6,46.4,36.1,37.1,18.1,17.1,37.8,27.2,67.4,47.7,47.3,33.7,29.7,7.5,9.6,40.4,46.0,32.1,31.7,65.93115332606,76.49252801992529,81.394,2.1694,2026,0,0,1.4759200000000028,,71.9,71.9,1.071,0.991,12.60563030303,Cal Baptist,California Baptist (fuzzy),barttorvik
Notre Dame,115.01308089193,107.37770472327,0.68782552063369,13–18,13,31,52.3,51.8,34.1,36.2,17.0,14.0,31.2,26.7,66.7,51.4,53.6,35.6,33.2,7.3,8.8,47.4,55.4,43.5,47.4,66.041672942772,78.29364115026328,81.0035,1.4249699879951971,2026,0,0,64.0986,,69.7,75.2,1.099,1.112,32.82074516129,Notre Dame,Notre Dame,barttorvik
Saint Joseph's,108.38539631718,101.33156562972,0.684363289965,20–11,20,31,49.3,47.6,30.4,26.3,16.9,15.2,31.4,30.9,68.0,51.9,47.5,30.8,31.8,12.4,11.4,60.5,51.6,45.3,39.9,67.963644428111,77.51848808545604,80.57699999999998,1.6417433026789294,2026,0,0,46.75564,,74.1,68.8,1.054,1.029,16.904096774194,Saint Joseph's,Saint Joseph's,barttorvik
Mississippi St.,112.85879964789,105.53807609937,0.68379237716816,13–19,13,32,51.5,50.9,30.7,32.3,16.1,12.8,29.8,30.7,71.5,53.4,51.0,32.4,33.9,11.1,11.0,45.1,52.1,40.1,39.5,69.497513383544,77.48205959862152,81.88850000000001,2.1709658068386326,2026,0,0,48.43480000000001,,66.0,75.2,1.074,1.132,34.206509375,Mississippi St.,Mississippi State (fuzzy),barttorvik
South Carolina,111.76719234131,104.63372568242,0.68101704070684,13–19,13,32,50.3,51.6,36.7,34.0,14.5,14.6,27.2,32.1,68.0,53.2,53.7,31.1,31.8,6.2,11.1,52.9,57.2,44.4,35.8,66.302626748644,77.62032193158954,80.715,2.0527999999999995,2026,0,0,55.53128,,78.1,71.4,1.09,1.112,33.335859375,South Carolina,South Carolina,barttorvik
DePaul,106.76385261575,100.01771645229,0.67931571163425,16–16,16,32,49.8,49.3,35.3,37.8,17.8,18.6,30.0,31.1,67.7,50.5,47.3,32.5,35.4,9.4,10.7,60.9,57.5,39.0,33.9,66.460681176972,77.83996648512779,80.8755,2.0944000000000003,2026,0,0,41.36924,,69.2,71.5,1.037,1.027,26.953328125,DePaul,DePaul,barttorvik
Kansas St.,112.74637523919,105.64657062605,0.67873790637101,12–20,12,32,53.3,52.5,26.9,35.2,17.4,17.1,29.2,33.9,73.8,52.4,53.7,36.4,33.7,9.1,11.0,57.7,56.5,40.9,38.6,72.672178908445,77.36687370600413,80.52199999999999,2.109356257497001,2026,0,0,40.4598,,71.0,72.1,1.078,1.109,34.480028125,Kansas St.,Kansas State (fuzzy),barttorvik
Pittsburgh,112.64052144793,105.55993803389,0.6784395578608,13–20,13,33,51.0,53.4,30.4,30.9,17.3,16.2,33.9,28.1,64.6,51.7,53.7,33.4,35.2,9.5,9.2,52.3,51.8,42.6,41.0,63.652263143148,77.04945054945057,79.68,1.6614677064587084,2026,0,0,54.78204,,67.4,76.9,1.084,1.104,31.227551515152,Pittsburgh,Pittsburgh,barttorvik
Seattle,102.61672477212,96.453213549088,0.6709186760829,18–13,18,31,49.4,48.3,34.5,32.9,17.0,21.1,24.6,31.8,68.6,49.7,48.2,32.6,32.4,13.8,9.4,52.9,54.6,39.0,37.4,67.728338305972,77.34388143400763,81.1805,2.2709290709290704,2026,0,0,10.522,,70.3,74.3,1.012,0.987,19.312390322581,Seattle,Seattle U (fuzzy),barttorvik
Davidson,110.13232495706,103.67518897327,0.66703992929908,18–13,18,31,52.6,50.4,31.8,36.6,16.1,17.8,28.6,30.4,63.9,52.2,51.6,35.3,32.3,11.9,9.8,53.2,49.4,44.0,37.1,63.57038459249,77.70892307692307,80.2335,1.4393121375724849,2026,0,0,25.475000000000005,,63.8,69.1,1.075,1.052,17.544893548387,Davidson,Davidson,barttorvik
Sam Houston St.,113.90148345705,107.22699641782,0.66695328086511,19–11,19,30,52.4,51.0,34.7,37.1,16.7,16.4,36.0,30.0,70.4,50.4,52.9,37.3,32.3,7.6,8.3,52.1,50.2,36.0,41.6,70.035997915933,76.49609765859515,79.6725,1.7076245747448469,2026,0,0,12.416000000000002,,72.0,69.6,1.134,1.077,13.969006666667,Sam Houston St.,Sam Houston (fuzzy),barttorvik
Pacific,110.45177840319,104.07524723809,0.66459652540475,16–15,16,31,52.2,50.0,30.5,36.3,20.1,15.1,35.3,25.0,65.8,51.3,48.5,35.8,34.7,6.9,10.6,58.0,50.7,35.3,42.8,64.396012809029,77.10963855421684,80.538,2.54489102179564,2026,0,0,14.815080000000004,,75.5,70.4,1.08,1.057,20.622112903226,Pacific,Pacific,barttorvik
UC Irvine,104.4830768247,98.649881193285,0.6594070578221,21–11,21,32,49.7,45.4,35.8,26.8,17.9,18.5,31.1,31.5,70.7,49.2,42.7,33.9,33.3,15.0,8.8,55.1,54.6,28.2,37.8,68.156899227781,78.11160533764658,81.22150000000002,1.436912617476504,2026,0,0,20.812320000000003,,69.5,70.9,1.039,0.969,11.328371875,UC Irvine,UC Irvine,barttorvik
UNLV,115.51102216476,109.14990828267,0.65732648736518,16–16,16,32,53.3,52.6,41.7,45.3,16.9,17.3,31.0,31.5,70.6,53.6,52.3,35.3,35.4,12.5,8.0,51.4,56.1,35.9,36.8,69.869413544418,77.3258701404437,80.96499999999997,1.7708458308338335,2026,0,0,43.48052,,68.4,72.9,1.108,1.114,24.2058625,UNLV,UNLV,barttorvik
St. Thomas,113.94444283071,107.9117794992,0.6514831413541,21–9,21,30,59.4,50.9,34.4,30.4,13.8,17.1,22.3,27.1,69.7,63.6,53.5,36.4,31.4,7.5,7.8,57.2,52.4,46.5,41.2,68.388506650052,76.96543310288735,79.37700000000001,1.1358,2026,0,0,19.918560000000003,,68.8,75.6,1.175,1.052,9.7740633333333,St. Thomas,St. Thomas,barttorvik
Illinois St.,109.23018412466,103.45625477376,0.65125234437261,19–12,19,31,53.6,50.0,31.8,33.1,16.8,16.4,28.6,25.3,67.6,54.6,49.9,34.8,33.4,6.0,8.7,50.2,51.0,42.4,34.5,66.817236605298,76.50091185410334,79.918,1.9540000000000008,2026,0,0,1.3082400000000023,,70.9,68.0,1.099,1.018,14.718161290323,Illinois St.,Illinois State (fuzzy),barttorvik
Illinois Chicago,109.61921286534,103.85380129304,0.65052047916027,17–15,17,32,49.7,49.9,36.5,34.3,17.6,19.6,36.5,32.1,67.0,50.7,50.6,31.7,32.7,11.7,10.6,53.0,66.0,33.0,46.3,66.276460668884,77.1467741935484,79.629,1.4977004599080188,2026,0,0,12.4864,,72.6,73.9,1.088,1.039,14.53566875,Illinois Chicago,UIC,barttorvik
Maryland,111.75476149329,105.90365289692,0.64986289296717,12–21,12,33,48.1,54.4,36.4,35.8,18.6,14.9,33.8,29.1,66.7,48.6,54.4,31.7,36.3,9.1,11.6,45.2,61.2,46.9,43.1,66.291450186615,77.17179999999999,80.14200000000001,1.9516000000000004,2026,0,0,52.33012,,72.2,72.8,1.041,1.144,39.963651515152,Maryland,Maryland,barttorvik
North Dakota St.,111.4260953948,106.02589222727,0.63906297812104,24–7,24,31,53.4,51.5,30.7,29.1,15.6,18.7,33.6,25.7,68.0,53.2,52.6,35.7,33.5,9.0,9.0,53.0,55.1,42.7,44.4,66.356933239128,76.17679333468807,79.57399999999998,1.8338,2026,0,0,0.2000000000000028,,71.6,74.8,1.145,1.025,8.1620419354839,North Dakota St.,North Dakota State (fuzzy),barttorvik
Utah,114.85126070174,109.38020374917,0.63675139240868,10–22,10,32,52.0,53.9,31.7,29.9,16.7,13.3,29.3,31.6,68.0,51.5,54.6,35.3,35.1,8.4,12.0,51.7,48.2,37.5,33.8,66.303496052929,77.4924850730904,80.54749999999999,1.857200000000001,2026,0,0,16.779720000000005,,73.8,71.5,1.088,1.158,33.62513125,Utah,Utah,barttorvik
Hawaii,106.87007888755,101.83933670975,0.63517912236205,22–8,22,30,52.0,46.4,42.4,36.1,18.9,16.9,31.4,25.0,72.3,55.0,46.6,31.6,30.7,10.1,8.5,49.9,38.3,39.7,32.4,69.580999197501,78.62182793480504,81.58100000000002,2.5988802239552085,2026,0,0,9.248280000000005,,73.8,69.6,1.081,0.965,10.058666666667,Hawaii,Hawai'i (fuzzy),barttorvik
Rutgers,110.9203930514,105.91458113019,0.62973219127201,14–19,14,33,47.5,53.0,36.1,31.4,15.1,17.1,29.8,33.1,66.5,46.6,52.5,32.8,35.8,9.7,9.8,50.6,58.5,34.6,39.0,66.685640919192,77.34325035417932,80.3545,1.2508996401439425,2026,0,0,37.892480000000006,,74.1,75.3,1.049,1.117,34.605468484849,Rutgers,Rutgers,barttorvik
George Mason,110.83766987932,105.8443533393,0.62951017645621,22–9,22,31,53.1,49.4,41.1,28.6,15.9,15.6,31.1,28.3,64.8,54.7,49.8,33.4,32.5,9.0,9.9,50.4,52.7,35.4,42.7,63.574291603672,77.89833232871209,80.83099999999999,2.2667466506698672,2026,0,0,24.98192,,72.1,70.7,1.126,1.044,14.31394516129,George Mason,George Mason,barttorvik
UT Rio Grande Valley,111.31138157266,106.5183337271,0.62390715980741,17–14,17,31,54.8,47.8,28.9,38.9,18.5,16.3,28.2,32.1,66.5,54.5,49.2,36.8,30.4,7.8,10.2,59.9,58.1,43.7,38.2,66.395948702038,75.57441523494101,78.34750000000001,1.8834233153369329,2026,0,0,0.2000400000000028,,76.3,69.0,1.096,1.05,14.536116129032,UT Rio Grande Valley,UT Rio Grande Valley,barttorvik
Liberty,117.54698891613,112.95458429222,0.61261123830836,22–7,22,29,59.8,53.1,31.3,26.2,13.7,17.2,19.1,32.6,64.6,60.8,50.5,39.2,38.3,9.1,11.0,61.4,46.1,48.6,37.1,63.897722357134,75.160952576473,78.9105,2.409436225509796,2026,0,0,1.5504800000000027,,70.7,71.8,1.168,1.106,12.047737931034,Liberty,Liberty,barttorvik
UC San Diego,106.24861419302,102.23438840579,0.60895151967816,21–11,21,32,52.6,48.4,31.2,29.3,16.5,16.8,26.1,27.0,69.7,55.0,49.3,32.8,31.5,7.6,10.2,55.5,56.9,42.3,43.9,67.195461665331,78.02873794212218,80.808,1.5326,2026,0,0,0.2000000000000028,,69.3,71.8,1.068,1.01,11.402765625,UC San Diego,UC San Diego,barttorvik
Duquesne,110.82073302327,106.6672481137,0.60809145414407,16–15,16,31,52.3,52.5,38.3,39.9,17.6,18.3,30.4,29.6,69.3,54.5,51.3,33.1,36.2,9.0,12.5,55.9,55.2,44.4,40.3,68.83068617741,77.4479883260371,79.806,2.5756848630273947,2026,0,0,5.589000000000003,,71.5,73.0,1.092,1.077,18.293938709677,Duquesne,Duquesne,barttorvik
Florida Atlantic,109.55351052753,105.61370818214,0.60376719531726,16–15,16,31,52.2,49.5,33.3,36.2,17.6,15.5,31.6,28.3,70.2,53.6,48.8,33.3,33.8,13.5,7.5,47.1,46.2,38.2,35.2,69.813358925604,77.74937913907284,81.02950000000001,1.1565686862627476,2026,0,0,42.88727999999999,,70.3,72.4,1.086,1.06,16.082951612903,Florida Atlantic,Florida Atlantic,barttorvik
San Francisco,113.26832864221,109.30596477682,0.60096779385448,16–16,16,32,51.2,50.8,40.1,29.6,15.8,14.1,31.3,29.0,66.7,50.7,50.6,34.6,34.1,7.7,8.7,55.6,52.6,46.1,35.8,65.893325466807,78.00878626890069,81.32850000000002,1.7732453509298134,2026,0,0,26.87104,,70.9,74.3,1.1,1.097,22.045546875,San Francisco,San Francisco,barttorvik
UNC Wilmington,110.65425728559,106.8154750607,0.60013769376806,24–6,24,30,50.9,47.2,41.7,31.8,15.0,15.0,35.4,26.7,66.2,49.4,49.5,35.5,29.5,7.2,7.9,52.2,47.0,38.9,42.6,64.89721580797,78.87829410581372,81.077,2.679928028788485,2026,0,0,12.853600000000004,,69.1,74.9,1.137,1.023,7.3273433333333,UNC Wilmington,UNC Wilmington,barttorvik
Washington St.,114.32260128129,110.45201641126,0.5977492424381,11–20,11,31,54.7,52.6,30.2,33.0,18.4,14.6,29.5,28.2,68.9,54.6,52.4,36.5,35.4,7.7,9.6,51.6,49.2,44.8,36.7,67.884718600743,77.98569413661092,80.465,1.8260347930413912,2026,0,0,17.18932,,74.5,75.3,1.097,1.121,21.550696774194,Washington St.,Washington State (fuzzy),barttorvik
Montana St.,110.94519146572,107.36246822926,0.59326876740617,15–14,15,29,53.6,51.7,30.2,29.6,14.7,15.7,27.0,28.2,67.4,53.1,51.8,36.1,34.3,7.3,7.5,39.9,43.2,44.7,34.3,65.89845927966,77.37286063569682,80.08899999999998,2.217,2026,0,0,12.09504,,74.0,76.4,1.114,1.082,15.071589655172,Montana St.,Montana State (fuzzy),barttorvik
UC Santa Barbara,113.63911762551,109.96946644801,0.59326709459542,16–14,16,30,54.7,52.6,36.8,42.4,18.7,16.8,31.0,25.5,67.1,53.6,53.5,37.4,33.9,6.6,9.9,54.6,49.0,44.1,35.7,64.327329318206,78.01833715357365,80.0,1.9556,2026,0,0,53.72108,,77.5,72.6,1.125,1.081,11.542656666667,UC Santa Barbara,UC Santa Barbara,barttorvik
Southern Illinois,102.48538585147,99.335877394336,0.58878723454539,15–16,15,31,49.2,49.0,31.3,31.4,17.0,18.5,30.9,27.3,69.7,52.2,51.5,27.8,30.4,10.0,8.5,48.6,52.1,29.2,41.5,68.985331880576,77.16958943676502,80.3645,1.719,2026,0,0,28.95508,,68.3,69.5,1.029,0.998,15.244506451613,Southern Illinois,Southern Illinois,barttorvik
Wright St.,112.36209734196,109.02244982441,0.58588691988988,21–11,21,32,54.4,52.1,38.0,33.5,16.3,16.5,33.2,29.2,69.0,54.5,52.9,36.1,33.6,11.4,9.0,47.0,44.6,33.7,34.2,66.97687066587,76.94622564935065,79.54699999999998,1.2448,2026,0,0,0.2000000000000028,,74.5,74.0,1.154,1.089,9.83529375,Wright St.,Wright State (fuzzy),barttorvik
Toledo,114.55705513679,111.17893734596,0.58521488734729,17–15,17,32,54.5,54.3,30.5,26.6,14.7,17.8,29.5,33.7,69.4,54.0,56.1,37.0,34.4,7.8,8.5,53.0,50.8,32.5,40.0,67.853402530978,76.47438524590164,80.0285,1.4652000000000005,2026,0,0,22.70196,,75.4,68.4,1.149,1.115,13.897653125,Toledo,Toledo,barttorvik
Fresno St.,106.96801905101,103.81430419707,0.58519839038461,12–19,12,31,50.6,51.5,33.8,28.6,18.1,18.2,27.9,30.6,69.4,52.3,55.7,32.1,30.7,6.6,9.8,49.9,51.5,40.9,44.0,68.281530592895,77.87741804113216,81.206,1.2223555288942207,2026,0,0,8.025000000000002,,75.1,72.5,1.043,1.06,21.823890322581,Fresno St.,Fresno State (fuzzy),barttorvik
Memphis,107.89333927217,104.80403714441,0.58275292192139,13–19,13,32,48.7,48.7,34.7,42.4,18.9,18.5,35.3,35.6,71.4,49.4,51.0,31.6,30.5,12.7,10.4,49.8,54.7,33.7,43.2,69.961043514052,77.61256544502618,82.16749999999998,2.184363127374525,2026,0,0,46.28584,,72.1,73.2,1.046,1.066,23.020725,Memphis,Memphis,barttorvik
Bradley,110.77066946081,107.81112318792,0.577235158922,20–12,20,32,51.0,52.6,36.1,37.8,13.8,19.3,27.3,28.2,67.8,49.2,51.3,35.8,36.3,9.5,8.8,50.7,54.2,40.4,40.0,67.506779543704,76.68096900020528,81.844,1.9294141171765644,2026,0,0,1.0068000000000028,,74.1,70.3,1.102,1.055,13.530040625,Bradley,Bradley,barttorvik
Murray St.,115.13580302608,112.20210628663,0.57366531381216,20–12,20,32,53.8,52.3,39.1,32.9,16.2,16.0,33.0,31.3,72.3,55.0,51.5,34.8,36.3,8.9,8.2,49.3,43.7,44.8,27.3,71.790704844556,77.94141171765646,81.30399999999999,1.82003599280144,2026,0,0,39.13452,,75.7,71.5,1.153,1.106,15.175075,Murray St.,Murray State (fuzzy),barttorvik
Idaho,108.82697478635,106.17403150295,0.5704815941565,18–14,18,32,51.9,50.3,34.8,39.2,15.0,15.2,28.9,24.2,69.2,52.0,49.3,34.5,34.8,6.2,9.1,44.5,45.6,46.8,35.8,67.42418196138,77.243287558926,80.57799999999999,2.008398320335933,2026,0,0,0.2000400000000028,,72.9,74.5,1.103,1.064,11.2984,Idaho,Idaho,barttorvik
UAB,108.51648579726,106.01381646115,0.56668183511485,19–12,19,31,48.4,50.0,36.4,28.7,12.5,16.1,32.5,27.7,70.3,51.3,50.7,27.8,32.6,9.4,9.7,50.3,50.3,30.5,39.2,69.306253707813,76.68982132101988,79.57000000000002,1.7966813274690123,2026,0,0,30.83204,,70.6,72.2,1.097,1.044,13.888719354839,UAB,UAB,barttorvik
Northern Colorado,112.28875977803,109.80733243126,0.5638948166382,17–12,17,29,55.7,50.1,27.5,38.8,15.4,12.4,27.2,24.2,70.0,58.1,52.3,35.0,30.7,7.0,7.2,53.3,37.9,41.5,35.0,68.461814179885,77.5741042345277,80.762,2.3379324135172967,2026,0,0,8.288680000000003,,75.8,76.5,1.134,1.096,12.648568965517,Northern Colorado,Northern Colorado,barttorvik
Boston College,103.71840764756,101.50157544052,0.56179761862699,11–20,11,31,47.0,48.9,32.4,34.6,15.4,14.9,28.3,28.6,66.3,49.1,49.6,29.4,31.9,11.6,10.0,47.4,48.6,42.4,39.0,65.959171083975,77.6493480441324,81.5485,1.665466906618677,2026,0,0,56.22716,,65.3,67.1,1.0,1.048,25.980548064516,Boston College,Boston College,barttorvik
North Texas,103.11579632662,101.19689056899,0.55379657412726,17–14,17,31,46.0,48.4,39.6,45.1,16.7,21.3,33.5,32.4,66.0,47.4,49.8,28.7,30.9,13.2,11.2,50.5,49.4,32.3,38.6,64.982036057531,77.34953422438234,80.14999999999998,1.8163265306122451,2026,0,0,5.921760000000002,,70.0,70.9,1.023,1.009,16.065348387097,North Texas,North Texas,barttorvik
Penn St.,113.76024964135,111.72734998261,0.55165597588341,12–20,12,32,53.0,58.4,33.8,27.5,15.6,17.7,25.9,31.1,67.5,55.8,58.6,32.4,38.8,5.2,9.8,48.3,60.4,38.1,43.4,67.516554107438,78.7611575300591,81.53899999999999,0.9868,2026,0,0,57.96968,,75.0,76.9,1.092,1.176,33.259433125,Penn St.,Penn State (fuzzy),barttorvik
Troy,110.68427245409,109.0184374423,0.54348845602208,20–11,20,31,51.9,50.1,36.3,32.1,17.0,16.9,34.8,31.6,67.0,53.7,52.0,33.2,31.3,9.1,11.0,57.0,49.3,45.6,38.4,65.084085396892,77.64823190789474,80.42800000000001,1.8974205158968207,2026,0,0,0.2000400000000028,,73.8,70.7,1.12,1.066,11.327538709677,Troy,Troy,barttorvik
Temple,111.71877437713,110.14715461607,0.54064178384602,15–16,15,31,50.2,50.7,40.6,35.5,13.7,15.5,29.8,30.3,65.4,50.0,51.5,33.6,32.8,11.2,11.4,48.2,48.8,35.7,35.9,64.897760877349,77.5040563620837,79.8975,2.0130000000000003,2026,0,0,29.083240000000004,,74.7,71.8,1.112,1.085,13.564764516129,Temple,Temple,barttorvik
Central Arkansas,109.60143334024,108.06651609137,0.54045898138968,20–12,20,32,54.0,54.9,31.2,30.1,15.4,19.0,28.8,27.4,68.9,54.7,57.3,35.5,35.2,6.8,10.7,58.0,62.3,48.7,52.3,67.909884927729,77.04133415183139,79.6805,1.0535892821435715,2026,0,0,0.2000400000000028,,70.7,73.3,1.129,1.082,13.581059375,Central Arkansas,Central Arkansas,barttorvik
Arkansas St.,109.81423766731,108.49207337856,0.53476888830924,18–12,18,30,51.7,50.3,39.1,37.0,19.8,14.9,38.2,27.0,72.5,53.6,50.8,32.9,32.9,7.3,10.2,55.8,51.4,44.9,38.8,72.147290630038,78.42339999999999,81.5075,2.1452000000000004,2026,0,0,16.961240000000004,,73.3,70.6,1.114,1.063,11.60102,Arkansas St.,Arkansas State (fuzzy),barttorvik
Kennesaw St.,110.80743425056,109.51096226592,0.5337849258578,18–13,18,31,50.7,48.5,45.1,47.5,16.7,16.1,35.5,31.3,71.9,50.8,47.0,33.7,33.9,14.7,13.1,51.3,49.4,42.9,38.3,71.266678696425,78.3384831460674,80.4855,1.2972594518903784,2026,0,0,13.24248,,70.0,74.7,1.111,1.082,11.706580645161,Kennesaw St.,Kennesaw State (fuzzy),barttorvik
Penn,106.55790321924,105.39346430166,0.53154825721054,17–11,17,28,50.3,51.7,35.2,27.5,15.4,17.8,30.3,30.5,68.8,46.2,54.4,38.7,31.7,8.5,9.4,52.7,53.8,35.0,39.3,69.024275164999,77.76710886502421,80.75300000000001,1.8687999999999996,2026,0,0,17.192000000000004,,69.5,67.0,1.075,1.057,12.940107142857,Penn,Penn,barttorvik
Navy,106.46685947942,105.42309746537,0.52829425433641,24–7,24,31,53.2,48.0,39.6,25.6,16.8,18.3,31.6,26.9,65.2,52.9,50.4,36.0,30.1,10.7,7.7,61.8,52.3,33.1,45.8,65.167242852104,74.66944213155703,78.585,2.5728291316526604,2026,0,0,0.1999200000000029,,73.7,74.4,1.124,0.987,6.5884741935484,Navy,Navy,barttorvik
Loyola Marymount,106.46850404712,105.43037183441,0.52814078084501,14–17,14,31,51.8,48.9,31.1,32.5,17.5,16.6,26.7,32.0,68.1,51.6,47.2,34.8,34.6,10.4,7.3,49.3,51.0,40.4,36.2,67.194876982108,78.39783408255006,81.10749999999999,1.9263558134880925,2026,0,0,31.453360000000004,,69.5,75.0,1.048,1.054,16.83754516129,Loyola Marymount,Loyola Marymount,barttorvik
Robert Morris,109.96233479407,108.90326852677,0.52779514167754,20–11,20,31,54.9,50.0,28.0,40.1,18.6,15.9,37.5,28.8,66.1,53.5,50.2,38.0,33.2,6.8,10.0,62.8,51.6,40.7,36.0,64.542906956785,77.11432706222865,79.98849999999999,1.6566686662667465,2026,0,0,7.2901200000000035,,69.4,76.4,1.139,1.088,10.084687096774,Robert Morris,Robert Morris,barttorvik
Eastern Washington,113.16125425652,112.10398570898,0.52696129250359,13–19,13,32,53.7,54.9,36.1,37.3,17.7,16.2,31.3,30.8,68.9,53.6,56.3,35.9,35.2,9.7,7.9,49.0,49.1,34.7,39.0,67.804265294487,76.57448979591838,80.1645,2.685125949620152,2026,0,0,6.202480000000003,,74.3,75.9,1.118,1.14,16.124265625,Eastern Washington,Eastern Washington,barttorvik
Rhode Island,104.17809905205,103.29963145978,0.52432661407583,16–16,16,32,50.1,50.4,38.4,42.6,19.2,21.1,31.0,31.8,66.0,52.8,49.3,31.1,34.7,12.0,10.2,47.9,54.1,43.5,41.5,65.838033030206,76.1251273690646,79.42099999999999,2.521504300860172,2026,0,0,9.609960000000004,,72.1,70.4,1.05,1.025,14.960103125,Rhode Island,Rhode Island,barttorvik
Bowling Green,105.96760945868,105.11580795008,0.52318691011679,15–14,15,29,51.8,51.0,37.0,37.2,16.5,18.4,28.7,26.9,70.2,51.9,51.6,34.4,33.5,10.6,9.8,48.5,51.8,34.2,41.2,68.23379579696,78.22565466448445,81.08550000000001,2.4978,2026,0,0,14.17976,,72.3,72.2,1.089,1.032,10.620806896552,Bowling Green,Bowling Green,barttorvik
St. Bonaventure,113.14008942893,112.33862953057,0.52042697784716,16–17,16,33,52.4,53.3,30.0,33.9,16.8,17.1,34.5,29.8,67.5,50.8,52.8,37.4,36.0,13.1,8.0,55.2,55.9,31.3,40.7,67.142982423643,76.27150974025976,80.36650000000002,2.173400000000001,2026,0,0,12.233680000000003,,74.7,75.3,1.119,1.109,15.6539,St. Bonaventure,St Bonaventure,barttorvik
Cornell,119.76217597693,119.04292849428,0.5173113237713,13–13,13,26,58.5,55.9,30.2,37.2,16.0,15.1,30.2,30.6,71.3,59.7,55.7,38.3,37.5,7.3,9.6,66.7,56.7,51.6,38.3,71.408004929181,75.88274153592074,77.6175,2.2969406118776248,2026,0,0,2.7550000000000026,,74.1,71.7,1.192,1.176,13.387453846154,Cornell,Cornell,barttorvik
Kent St.,110.65202859448,110.03983282898,0.51594504226395,22–9,22,31,51.9,52.1,44.3,39.8,18.1,16.4,35.8,29.6,72.1,51.0,51.9,35.3,34.9,9.5,9.7,56.6,54.4,45.0,42.7,70.566550258674,76.06464728603376,79.62800000000001,2.038384646141544,2026,0,0,7.733320000000002,,74.4,72.5,1.13,1.098,12.366474193548,Kent St.,Kent State (fuzzy),barttorvik
Middle Tennessee,109.68563264531,109.11624572973,0.51495876152694,14–15,14,29,51.6,51.0,32.7,35.7,17.1,15.0,30.7,28.5,66.6,52.3,51.0,33.8,33.9,10.7,8.3,53.5,47.2,45.3,35.3,65.549791401147,78.26374292643492,81.4205,2.043017206882753,2026,0,0,19.70532,,70.2,74.5,1.076,1.093,16.662084827586,Middle Tennessee,Middle Tennessee,barttorvik
Austin Peay,108.66025178087,108.18729693884,0.51253841477702,20–9,20,29,53.0,52.2,37.6,32.8,15.4,17.9,29.7,28.9,70.1,53.0,53.9,35.3,33.2,6.4,8.7,56.0,52.5,38.0,40.8,69.224302589723,77.27553492127572,80.21700000000001,1.7243102758896436,2026,0,0,20.5992,,73.4,70.9,1.127,1.064,9.3327413793103,Austin Peay,Austin Peay,barttorvik
Portland St.,103.06154074426,102.61837667454,0.51238660538378,17–11,17,28,50.6,48.8,37.1,42.8,16.9,18.0,30.0,26.4,69.0,51.5,49.0,32.6,32.3,11.3,7.4,51.2,52.8,34.4,39.7,67.784789522572,78.02904304220644,80.73399999999998,2.4247150569886022,2026,0,0,0.7013200000000029,,71.0,74.9,1.062,1.023,12.176014285714,Portland St.,Portland State (fuzzy),barttorvik
William & Mary,110.39382642866,109.98015213248,0.51079193012982,18–12,18,30,54.3,51.9,44.0,35.5,16.5,19.0,26.0,31.5,73.6,57.9,53.7,33.0,33.1,11.5,9.8,63.8,54.2,42.8,45.5,72.640160271584,77.44482688803402,79.09249999999999,2.4506901380276047,2026,0,0,0.1999600000000028,,74.9,71.0,1.108,1.072,12.1149,William & Mary,William & Mary,barttorvik
Oregon St.,109.39863830387,108.99690638516,0.51057538349799,17–16,17,33,50.5,50.3,43.1,35.1,17.7,15.3,26.8,32.1,66.2,48.8,51.0,35.0,32.9,10.7,9.3,61.2,55.7,44.3,41.5,65.229598846757,78.66727605118828,82.95849999999999,1.6293999999999995,2026,0,0,0.7779200000000027,,77.2,74.2,1.058,1.103,19.808351515152,Oregon St.,Oregon State (fuzzy),barttorvik
Georgia Tech,106.88733493845,106.56678899534,0.50863397395542,11–20,11,31,50.0,49.9,33.3,34.2,18.6,15.6,29.9,30.7,71.6,48.7,50.1,35.1,33.1,11.4,10.8,59.9,56.3,33.2,44.4,70.903885300035,77.92103652315853,80.52149999999999,1.6558000000000006,2026,0,0,79.31016000000001,,71.1,71.4,1.026,1.077,27.19243516129,Georgia Tech,Georgia Tech,barttorvik
Valparaiso,107.5543433781,107.23790741193,0.508470203414,17–15,17,32,47.6,50.5,39.1,35.1,15.7,16.9,32.5,30.1,66.1,45.8,51.9,33.9,32.1,10.0,8.5,48.8,49.8,36.8,37.0,65.111059376954,78.12550689375509,81.152,1.426085217043409,2026,0,0,4.495560000000003,,70.9,71.1,1.056,1.066,15.683575,Valparaiso,Valparaiso,barttorvik
UC Davis,106.95289151475,106.66810642293,0.50766491581723,17–14,17,31,51.8,51.7,40.5,39.1,17.9,19.8,25.2,30.5,71.3,51.9,52.4,34.4,33.8,7.6,10.3,59.9,51.9,43.5,38.1,68.869016093794,76.41509433962266,80.1345,1.5308000000000002,2026,0,0,15.319160000000004,,75.3,74.1,1.059,1.058,13.00814516129,UC Davis,UC Davis,barttorvik
Harvard,105.35097607595,105.14555390417,0.50561115318743,16–12,16,28,53.2,50.4,25.7,26.6,17.4,17.1,26.8,28.2,63.9,54.0,51.4,34.7,32.6,10.8,7.4,56.1,51.7,40.2,38.7,63.122107143731,76.61390937829295,78.06599999999999,1.456,2026,0,0,13.646720000000002,,80.8,72.4,1.077,1.039,11.803703571429,Harvard,Harvard,barttorvik
Montana,107.15775457374,107.02716397238,0.50350577319207,15–15,15,30,55.8,50.5,36.8,32.6,19.6,14.3,20.7,29.6,71.1,56.5,51.9,36.6,32.3,6.2,8.7,55.1,48.4,41.8,38.0,69.499407542994,77.22414520894893,79.2785,1.6822000000000004,2026,0,0,1.256000000000003,,77.3,72.2,1.065,1.092,15.040033333333,Montana,Montana,barttorvik
Cal St. Northridge,108.92607310755,108.90212009783,0.50063228607391,18–14,18,32,51.3,51.6,34.2,34.3,17.5,16.4,31.9,26.6,75.3,52.6,51.7,32.4,34.4,8.7,10.1,56.6,57.9,33.6,48.6,73.455825292266,77.0242825607064,78.816,2.5436,2026,0,0,32.24712,,66.8,75.8,1.066,1.075,13.06385,Cal St. Northridge,Cal State Northridge (fuzzy),barttorvik
Richmond,110.44376129084,110.49809037514,0.49858609219581,14–17,14,31,52.7,52.0,36.9,35.1,14.3,17.7,25.0,31.0,68.5,50.5,54.5,37.1,32.7,7.3,7.7,54.5,48.2,42.6,45.6,67.574337394018,76.56311458960467,80.399,2.123649459783913,2026,0,0,4.573440000000002,,75.2,71.5,1.112,1.084,14.540651612903,Richmond,Richmond,barttorvik
Western Kentucky,108.06899006015,108.21258522838,0.49618249361504,16–14,16,30,47.5,51.2,41.2,46.8,14.5,17.2,31.8,29.5,70.9,45.8,51.0,33.4,34.3,6.9,11.9,51.2,57.6,39.4,42.3,69.902771162599,76.76336816226184,80.83800000000001,2.1440576230492194,2026,0,0,10.39632,,75.7,69.1,1.09,1.077,13.243916666667,Western Kentucky,Western Kentucky,barttorvik
Merrimack,106.14743291581,106.39096171092,0.4934119661103,23–11,23,34,49.1,46.7,38.2,37.1,14.8,20.4,24.8,39.9,63.8,49.1,47.3,32.7,30.3,13.9,13.0,56.0,56.9,46.1,32.6,63.497024665844,76.71131202691336,78.5775,1.511697660467906,2026,0,0,0.2000400000000028,,78.8,73.5,1.064,1.032,10.4747,Merrimack,Merrimack,barttorvik
Monmouth,106.36011554386,106.73311304629,0.48993657279438,18–15,18,33,49.6,50.1,32.7,32.2,16.6,19.9,31.2,32.8,67.2,48.7,49.6,34.2,33.9,11.9,8.7,53.9,50.8,34.4,38.3,66.892240080843,77.85337243401759,80.40899999999999,1.931027588964413,2026,0,0,11.948320000000004,,75.0,72.5,1.06,1.045,10.914224242424,Monmouth,Monmouth,barttorvik
Charlotte,112.87418390094,113.50202330535,0.48405812060484,16–17,16,33,53.4,50.9,36.4,36.2,18.1,13.6,33.9,32.5,64.4,53.8,51.4,35.2,33.5,10.0,9.5,51.8,51.1,45.4,40.7,63.380209990009,78.85487117552337,82.49,2.0160032006401285,2026,0,0,11.41796,,71.6,71.8,1.114,1.134,15.319036363636,Charlotte,Charlotte,barttorvik
Winthrop,110.37925766189,111.01789885289,0.48341961266092,20–11,20,31,49.7,51.4,44.0,39.0,14.7,16.7,34.1,27.7,71.7,49.7,53.0,33.2,32.9,7.9,11.2,51.6,45.0,44.1,42.8,69.917658364945,76.60188795403242,80.5195,2.8140743702518987,2026,0,0,21.09408,,72.9,73.0,1.132,1.079,13.754661290323,Winthrop,Winthrop,barttorvik
Massachusetts,109.90780222876,110.61503132891,0.48156772077198,16–16,16,32,53.1,52.9,37.0,44.6,17.8,16.8,33.3,26.1,71.2,53.2,55.4,35.2,33.0,6.7,7.6,58.4,58.6,35.4,42.7,70.166181784747,76.78748476229174,80.47449999999999,2.030993801239753,2026,0,0,18.12788,,67.3,72.9,1.099,1.084,10.180384375,Massachusetts,Massachusetts,barttorvik
Towson,104.11990792924,104.87311328881,0.47928891883051,17–15,17,32,46.5,48.5,30.4,29.3,15.9,15.1,36.0,29.1,63.8,47.8,50.0,29.4,30.9,10.0,7.6,38.9,46.0,34.9,41.4,63.398908615049,78.11801619433199,81.056,2.2283086765293887,2026,0,0,0.4603600000000029,,68.9,69.3,1.047,1.037,14.520428125,Towson,Towson,barttorvik
FIU,107.68570548841,108.55620372392,0.47686933502921,12–17,12,29,50.6,52.9,38.6,35.9,17.7,20.1,33.9,34.8,71.5,49.9,51.7,34.7,36.2,13.2,8.4,49.9,62.2,32.7,45.1,71.611808207807,76.88188494492046,80.9615,2.133426685337068,2026,0,0,0.1999600000000028,,69.4,70.1,1.074,1.092,14.49654137931,FIU,FIU,barttorvik
Fordham,103.2109556788,104.21330589875,0.47224224077488,14–15,14,29,48.6,49.9,26.4,30.3,17.2,17.2,34.1,26.8,64.5,51.9,49.8,28.9,33.4,6.8,8.5,52.4,60.7,38.3,42.4,64.201457606616,77.64713064713065,81.31150000000001,2.0909818036392718,2026,0,0,5.609200000000002,,70.2,68.3,1.042,1.024,14.403003448276,Fordham,Fordham,barttorvik
Oakland,113.79358182892,114.99696288177,0.46979299004935,15–16,15,31,52.7,54.7,38.1,24.6,14.7,15.1,31.3,34.4,71.1,53.0,57.0,34.7,34.3,9.8,11.7,54.9,66.3,34.0,41.7,69.990707392534,76.66565900846435,78.92300000000002,2.6171234246849373,2026,0,0,0.1999600000000028,,75.1,72.6,1.147,1.164,20.197553548387,Oakland,Oakland,barttorvik
Northern Kentucky,108.93947872776,110.15444087315,0.46815681322049,17–14,17,31,53.2,54.2,35.9,37.2,16.3,18.6,32.2,31.6,70.9,55.5,53.8,33.6,36.6,9.8,7.7,55.5,52.6,44.9,38.1,70.00322321329,76.95370957514268,79.14399999999999,2.3953209358128373,2026,0,0,0.2000400000000028,,72.1,71.6,1.132,1.101,10.358206451613,Northern Kentucky,Northern Kentucky,barttorvik
Green Bay,113.05069175309,114.31227954328,0.46813740595166,16–15,16,31,54.9,53.6,41.6,37.4,16.0,13.2,25.1,29.6,64.7,55.0,52.9,36.4,36.3,8.4,9.3,54.5,57.8,37.3,43.3,62.956506835343,76.79947122229002,79.0225,1.674595242854287,2026,0,0,0.2001200000000028,,77.5,74.2,1.133,1.163,12.694070967742,Green Bay,Green Bay,barttorvik
Texas A&M Corpus Chris,104.05326577691,105.2756584179,0.4664724301929,14–15,14,29,49.5,50.1,41.1,46.3,19.4,19.0,31.7,28.8,66.6,48.1,51.5,35.0,31.6,7.7,11.6,50.7,49.3,31.4,34.9,65.92666305531,76.34629478827362,79.6025,2.5136917849290423,2026,0,0,2.2937600000000025,,67.4,70.9,1.024,1.037,15.654982758621,Texas A&M Corpus Chris,Texas A&M-Corpus Christi (fuzzy),barttorvik
UT Arlington,101.3617030251,102.62191024056,0.46453579974795,16–14,16,30,47.2,47.4,42.5,40.9,20.7,18.0,34.9,30.1,66.5,48.8,50.9,29.1,26.9,9.3,9.5,46.4,49.1,30.7,32.3,64.8130200863,76.76060000000001,80.1745,1.3840463814474209,2026,0,0,23.877920000000007,,72.3,70.2,1.006,1.007,14.485096666667,UT Arlington,UT Arlington,barttorvik
Utah Tech,111.23719201973,112.71435656023,0.46214553526963,16–15,16,31,53.3,50.9,30.6,33.0,17.6,16.9,28.1,34.5,68.1,53.7,53.5,35.0,30.7,7.5,7.3,53.2,48.5,38.2,34.4,66.442312081871,78.24456958970235,79.91900000000001,1.8556000000000004,2026,0,0,0.2000000000000028,,72.6,72.6,1.069,1.102,17.159396774194,Utah Tech,Utah Tech,barttorvik
UMBC,107.58223695836,109.23350191929,0.45631889028296,22–8,22,30,53.9,49.2,33.8,25.2,14.1,15.2,25.1,25.6,66.4,54.0,49.7,35.9,32.2,6.5,6.5,45.0,42.8,38.8,37.8,66.007058476971,76.971283095723,79.56949999999999,2.0821835632873427,2026,0,0,7.798200000000003,,76.4,67.4,1.126,1.015,7.2792033333333,UMBC,UMBC,barttorvik
Appalachian St.,105.33337580259,106.99642804951,0.45508417894567,17–13,17,30,49.9,47.5,39.1,31.2,15.3,14.0,32.0,29.0,64.1,53.6,47.0,30.4,32.2,10.2,8.8,47.8,50.8,45.9,41.4,62.98132178179,76.31726662599145,80.12049999999999,2.0374224534720837,2026,0,0,5.257880000000003,,64.5,70.7,1.077,1.048,9.3043233333333,Appalachian St.,Appalachian State,barttorvik
Siena,107.20476554849,108.90874160362,0.45478625876045,23–11,23,34,50.6,48.6,34.2,27.2,16.0,17.1,31.9,29.0,64.3,52.8,48.2,30.4,32.8,9.1,9.6,53.0,48.3,31.9,39.3,64.630365494192,76.73733660130718,79.9785,1.7247449489897986,2026,0,0,3.8782000000000023,,76.9,72.5,1.093,1.018,6.8209676470588,Siena,Siena,barttorvik
Detroit Mercy,108.80404178839,110.64116735256,0.45200988722811,15–15,15,30,49.5,52.2,32.6,37.6,16.0,14.4,33.3,30.8,69.7,48.1,53.8,35.1,33.3,9.5,7.9,48.5,58.3,30.7,42.6,68.811527572486,77.1502,80.3125,1.419232307077169,2026,0,0,5.729280000000003,,78.9,71.9,1.094,1.129,12.963046666667,Detroit Mercy,Detroit Mercy,barttorvik
Campbell,110.39031860444,112.2696423031,0.45161879722061,14–18,14,32,50.1,53.9,43.5,37.0,17.6,17.0,33.5,32.0,70.0,51.2,54.2,32.3,35.5,3.7,10.5,44.9,49.8,36.9,29.9,69.842875918209,76.32462920409444,78.915,2.2291374824894934,2026,0,0,0.7454800000000028,,72.5,74.2,1.086,1.126,17.068828125,Campbell,Campbell,barttorvik
Portland,106.24826642387,108.11016304495,0.45022025804769,13–19,13,32,51.2,52.7,34.4,32.6,19.7,17.0,28.1,32.5,69.7,54.7,51.4,29.9,36.1,8.8,6.4,61.6,66.7,35.4,45.6,68.50089605921,78.74119574119574,81.8225,1.3059999999999996,2026,0,0,0.2000000000000028,,74.0,74.4,1.026,1.112,20.56735,Portland,Portland,barttorvik
Youngstown St.,106.33666778772,108.28932388962,0.44787542473033,12–17,12,29,53.7,52.3,31.4,36.0,18.8,17.8,30.4,30.7,68.6,56.6,51.7,33.8,35.5,9.3,9.7,53.8,47.8,49.4,34.3,67.254856475859,76.38611278346379,79.6955,2.562887422515497,2026,0,0,4.511240000000003,,73.3,74.9,1.09,1.087,10.903193103448,Youngstown St.,Youngstown State (fuzzy),barttorvik
Louisiana Tech,103.23151666265,105.14203428916,0.44747293920122,17–14,17,31,47.4,48.7,33.1,36.3,18.3,17.8,36.4,31.6,64.7,49.7,46.7,28.5,33.9,15.7,10.2,48.0,55.8,33.4,46.8,63.937165628902,77.75849989697095,80.0635,1.7290916366546625,2026,0,0,20.67348000000001,,67.2,71.0,1.036,1.035,10.680338709677,Louisiana Tech,Louisiana Tech,barttorvik
Charleston,106.73017096287,108.71705829648,0.44716905314579,20–11,20,31,50.5,49.2,41.2,26.1,15.7,14.7,29.9,32.3,68.3,53.4,49.5,30.6,32.6,12.9,8.6,52.6,53.2,38.1,43.7,67.727873816043,78.15270727580372,81.48550000000002,1.49640143942423,2026,0,0,15.780760000000004,,73.6,69.7,1.094,1.073,11.005916129032,Charleston,Charleston,barttorvik
Cal St. Fullerton,107.59864488571,109.68610446048,0.44498160176232,16–16,16,32,51.4,54.3,37.8,35.3,15.2,19.5,24.6,28.3,75.5,51.4,57.1,34.2,34.0,8.6,8.5,55.2,59.7,43.1,46.4,72.875212601336,75.80991569650743,79.158,1.8604000000000005,2026,0,0,6.44676,,71.6,75.3,1.064,1.089,15.259040625,Cal St. Fullerton,Cal State Fullerton (fuzzy),barttorvik
New Mexico St.,108.10538568323,110.22743614397,0.44434364206503,13–16,13,29,48.5,48.7,34.9,44.2,15.0,14.7,32.5,30.3,67.2,48.5,48.8,32.4,32.4,9.0,8.1,49.3,47.8,38.7,41.3,66.603774784953,76.71973499297332,79.8615,2.4238000000000004,2026,0,0,2.0824400000000027,,73.5,72.4,1.084,1.083,11.060848275862,New Mexico St.,New Mexico State (fuzzy),barttorvik
Furman,106.91795180417,109.02214586502,0.44420164347101,19–12,19,31,54.8,50.1,32.1,28.9,17.8,13.7,31.0,27.5,66.5,59.0,50.9,33.3,32.6,9.4,10.8,55.8,46.8,46.3,41.9,65.840933110207,79.18910059414056,81.42599999999999,1.6073999999999995,2026,0,0,11.546160000000002,,69.8,70.2,1.116,1.073,7.384964516129,Furman,Furman,barttorvik
South Alabama,107.14243449727,109.2893949448,0.44320545147834,19–11,19,30,52.7,50.0,39.2,25.3,13.2,18.2,25.2,31.3,65.7,53.3,50.9,34.5,33.0,10.3,11.3,45.6,70.9,36.6,64.3,64.623201854456,77.32192192192191,79.5325,2.410117976404718,2026,0,0,3.1046800000000028,,65.7,73.0,1.094,1.058,8.0908333333333,South Alabama,South Alabama,barttorvik
East Tennessee St.,107.84459604028,110.05212549491,0.44200646979404,21–11,21,32,55.3,51.0,35.0,36.4,15.2,18.5,28.3,27.9,66.5,57.2,52.6,34.7,32.9,11.5,7.5,50.8,55.2,37.8,47.7,66.015370554788,76.63452285485164,79.64399999999999,2.0905637744902044,2026,0,0,14.561920000000002,,74.7,71.9,1.146,1.046,8.168921875,East Tennessee St.,East Tennessee State (fuzzy),barttorvik
Queens,114.67953140294,117.11286678245,0.439926399586,20–13,20,33,56.6,54.0,36.3,38.7,14.8,15.0,30.4,33.0,70.7,59.0,54.1,35.9,35.8,8.0,9.1,54.5,48.0,46.8,39.5,69.502234232396,78.20314072881014,80.78199999999998,1.7340531893621267,2026,0,0,9.008040000000005,,74.9,73.2,1.19,1.167,14.560766666667,Queens,Queens,barttorvik
Missouri St.,109.30312153425,111.70831171744,0.43774699146827,13–18,13,31,51.1,52.0,43.8,40.2,16.7,16.9,32.0,32.1,66.3,52.2,52.3,33.0,34.4,8.5,13.6,56.6,49.8,41.3,35.8,65.267554693579,77.06201240248049,79.42049999999999,1.7866,2026,0,0,5.371040000000002,,67.3,71.9,1.084,1.103,11.618877419355,Missouri St.,Missouri State (fuzzy),barttorvik
New Orleans,108.64440889992,111.12255876084,0.43551980804239,15–18,15,33,49.6,49.0,46.4,39.5,20.5,14.9,35.6,34.5,69.6,50.6,49.3,31.8,32.4,10.2,9.7,52.5,60.3,33.7,40.2,69.756932161098,77.8578947368421,80.905,1.8368,2026,0,0,0.2000000000000028,,74.3,71.7,1.062,1.107,17.63436969697,New Orleans,New Orleans,barttorvik
Tulane,107.48924163335,110.07211497549,0.43215424887108,17–15,17,32,49.4,50.7,43.5,38.1,15.4,17.1,22.8,35.8,67.9,50.5,50.0,32.0,34.5,12.8,10.9,54.8,55.8,45.0,40.5,66.855605354081,77.41163401333064,79.29299999999999,1.985402919416117,2026,0,0,50.14675999999999,,76.7,71.0,1.052,1.105,13.4222875,Tulane,Tulane,barttorvik
Drexel,102.62991531888,105.13623714528,0.43107494590488,16–16,16,32,50.7,47.1,31.6,35.4,19.0,16.4,31.2,31.0,65.2,49.0,47.9,35.5,30.3,9.5,9.3,53.6,47.3,40.0,34.1,64.194728760221,77.04167509609547,80.723,2.192761447710458,2026,0,0,2.148840000000003,,66.5,75.2,1.033,1.036,9.2472,Drexel,Drexel,barttorvik
Weber St.,111.06744884107,113.80877568149,0.43035751497642,14–16,14,30,51.7,54.5,39.2,36.4,15.7,16.3,31.8,27.7,69.8,51.6,57.1,34.5,33.5,4.3,11.0,45.9,50.4,32.8,38.8,68.53554545116,76.2494386609512,79.12399999999998,1.724889955982392,2026,0,0,5.807200000000002,,72.9,72.8,1.115,1.118,13.133093333333,Weber St.,Weber State (fuzzy),barttorvik
Jacksonville St.,105.29343251071,107.98194190309,0.42801634108795,12–17,12,29,49.7,49.6,43.1,38.7,17.0,16.2,29.8,28.0,65.8,47.4,49.3,35.7,33.3,9.5,9.7,49.6,51.3,38.1,42.9,65.095977342375,77.1945371142619,80.18250000000002,2.012404961984794,2026,0,0,0.5946000000000025,,68.4,75.4,1.055,1.064,9.9877344827586,Jacksonville St.,Jacksonville State (fuzzy),barttorvik
Howard,103.48088990232,106.23297525892,0.42510591886528,19–10,19,29,50.6,47.4,44.2,38.3,19.8,21.3,36.6,32.0,69.2,49.9,48.3,34.7,30.4,10.6,11.1,61.1,46.9,34.3,34.0,69.047931205474,76.23425114726741,78.5735,1.8896,2026,0,0,0.2000000000000028,,74.2,69.4,1.08,0.976,8.6140237931035,Howard,Howard,barttorvik
Columbia,107.85681643541,110.76526621017,0.42409146587495,14–12,14,26,53.5,51.2,28.6,33.5,19.3,15.0,36.1,27.2,67.1,53.2,50.3,35.9,35.2,8.0,9.9,54.3,57.9,37.5,36.0,66.819661607147,77.80179812014713,80.179,1.6059211842368477,2026,0,0,8.784280000000006,,70.1,74.8,1.105,1.085,12.277734615385,Columbia,Columbia,barttorvik
Indiana St.,105.892307029,108.75631532885,0.42387109497457,9–21,9,30,52.8,50.2,27.4,28.8,19.5,14.9,26.2,31.8,68.3,57.4,52.0,31.5,31.3,8.1,13.4,64.9,43.0,45.2,34.4,68.213020837672,76.94643230801424,79.75399999999999,2.0201959608078384,2026,0,0,0.2000400000000028,,67.8,69.5,1.028,1.077,15.955953,Indiana St.,Indiana State (fuzzy),barttorvik
Marist,99.582276570703,102.45774108985,0.41888271695862,18–12,18,30,49.3,45.6,25.7,37.6,16.9,19.5,29.1,28.3,66.5,49.8,47.1,32.2,28.6,9.0,8.3,58.9,46.3,34.6,36.8,66.220538941048,76.28881090008257,79.4735,1.8795759151830371,2026,0,0,0.1999600000000028,,78.1,69.7,1.032,0.958,6.3151566666667,Marist,Marist,barttorvik
Mercer,110.71023194933,114.00515614153,0.41647393684177,16–13,16,29,53.1,52.5,39.2,29.7,15.0,17.0,32.6,33.2,69.5,53.0,51.3,35.6,36.2,9.2,8.1,46.2,46.8,39.2,42.1,68.943418758596,77.23169993950394,80.221,2.0882000000000005,2026,0,0,9.255680000000003,,73.0,75.3,1.153,1.12,11.986375862069,Mercer,Mercer,barttorvik
James Madison,109.0710240113,112.37008943838,0.41515787610755,17–15,17,32,53.1,49.0,35.9,40.8,17.3,12.8,30.6,29.5,67.0,53.2,48.9,35.4,32.7,11.3,11.1,48.3,45.5,42.5,38.2,65.96642931315,77.28562590224787,80.01949999999998,2.0746,2026,0,0,22.04508,,70.3,72.4,1.106,1.102,10.723690625,James Madison,James Madison,barttorvik
Rice,108.98507996477,112.55404565584,0.40840595833012,11–18,11,29,48.5,51.0,33.9,40.4,17.9,15.7,35.3,34.6,66.7,46.2,51.0,34.3,34.0,10.3,10.8,46.2,47.4,44.1,35.5,65.622781803488,76.50632653061226,79.29450000000001,2.231046209241849,2026,0,0,11.73304,,68.1,73.5,1.06,1.13,14.777006896552,Rice,Rice,barttorvik
Marshall,111.92274190477,115.73508526334,0.40487513441188,18–13,18,31,54.8,50.3,29.2,41.1,16.6,16.3,31.9,33.8,70.7,54.6,50.3,36.8,33.6,13.1,8.1,56.5,46.0,44.3,39.6,69.402620456954,77.26770538243626,81.7775,2.41016406562625,2026,0,0,4.145520000000003,,73.0,72.6,1.138,1.116,10.645661290323,Marshall,Marshall,barttorvik
San Jose St.,112.71022847055,116.56368129003,0.40453555685615,8–24,8,32,49.7,57.1,33.4,35.3,15.1,17.4,29.3,36.5,65.8,47.6,59.1,35.3,36.0,6.4,8.3,42.2,57.7,38.3,39.3,65.01394766265,76.57924490207955,80.059,1.2536507301460291,2026,0,0,29.01528,,73.8,77.8,1.073,1.2,24.3051375,San Jose St.,San José State (fuzzy),barttorvik
Drake,109.51829255221,113.31584198278,0.40323473190785,12–20,12,32,51.4,52.6,33.5,32.0,15.0,14.6,26.6,29.9,67.8,51.7,51.1,34.0,36.4,8.5,8.6,51.6,54.8,45.7,43.3,67.078249735776,76.94138827765552,80.28399999999999,1.9749949989998004,2026,0,0,10.032960000000005,,71.4,68.3,1.081,1.116,14.407821875,Drake,Drake,barttorvik
La Salle,105.96897947658,109.66415366545,0.40271250723326,8–23,8,31,45.4,55.0,37.5,31.5,18.2,17.1,33.7,32.4,66.4,45.6,55.1,30.0,36.5,7.8,12.2,56.0,60.7,31.5,42.2,65.760021895719,77.37899917965545,80.179,1.8671734346869364,2026,0,0,10.538800000000004,,72.5,68.7,1.007,1.129,20.053363225806,La Salle,La Salle,barttorvik
San Diego,108.48185659522,112.28111787788,0.40230698142732,10–21,10,31,51.2,54.7,25.8,38.8,17.5,18.9,28.1,34.5,68.8,50.8,58.5,34.6,32.7,7.5,10.1,59.1,57.3,43.7,40.1,68.136038993918,76.56846902838201,79.36549999999998,2.2145141943222706,2026,0,0,23.05992,,74.7,73.5,1.045,1.132,18.686119354839,San Diego,San Diego,barttorvik
Cal Poly,109.45213653268,113.30535274938,0.40181957204712,12–19,12,31,51.5,53.8,34.9,34.1,19.9,16.2,30.0,29.6,76.1,53.7,55.0,33.0,34.7,5.7,11.4,49.6,52.5,52.6,40.8,74.099889844861,77.43054682589566,79.457,1.0520208083233298,2026,0,0,0.1999200000000028,,78.5,72.4,1.065,1.117,15.670035483871,Cal Poly,Cal Poly,barttorvik
Tennessee St.,107.79270828909,111.85923112581,0.39511564218467,20–9,20,29,50.1,51.2,33.5,41.6,16.5,20.0,34.9,29.9,70.6,49.9,51.8,33.7,33.5,10.1,7.5,45.4,49.7,30.7,36.0,70.136618982162,77.06401313089864,79.5495,2.5056,2026,0,0,3.290720000000002,,76.3,72.4,1.102,1.043,8.7463931034483,Tennessee St.,Tennessee State (fuzzy),barttorvik
Southern Miss,104.61778907551,108.83164044094,0.38838218074249,17–16,17,33,49.0,51.4,43.2,43.6,18.4,17.8,32.5,28.8,69.6,51.3,51.1,28.9,34.5,10.5,10.7,43.8,47.0,28.7,39.4,69.09183239936,77.67790649565578,79.7465,2.164232846569313,2026,0,0,2.0246800000000027,,73.6,71.0,1.054,1.067,11.169790909091,Southern Miss,Southern Miss,barttorvik
Buffalo,111.24648065368,115.73166159236,0.38827984679421,15–15,15,30,55.4,55.1,39.6,31.4,16.1,17.9,27.1,31.1,67.6,54.1,56.9,37.9,35.1,8.4,8.1,54.4,58.8,45.5,42.0,66.452142471282,75.9754576543955,79.7085,2.305261052210442,2026,0,0,28.96024000000001,,73.6,74.4,1.137,1.13,10.969763333333,Buffalo,Buffalo,barttorvik
Quinnipiac,103.71763214957,107.90124281046,0.38822987327303,18–13,18,31,48.2,48.9,33.8,30.6,15.9,17.4,34.1,32.0,69.8,46.7,47.1,34.0,34.9,11.6,11.2,49.4,52.5,33.7,35.4,70.096192662237,78.07185139824455,80.935,1.3756751350270058,2026,0,0,15.576760000000004,,69.1,73.3,1.055,1.033,10.712512903226,Quinnipiac,Quinnipiac,barttorvik
South Dakota St.,107.46165289885,111.88057954094,0.38617320980899,11–18,11,29,52.0,51.8,29.7,34.5,16.1,14.5,30.3,25.1,67.9,52.7,52.4,34.0,34.1,7.1,7.8,51.3,52.7,38.8,47.0,67.015891367831,76.82662795520531,80.512,1.4698000000000009,2026,0,0,9.971040000000002,,72.0,74.5,1.091,1.093,13.861465517241,South Dakota St.,South Dakota State (fuzzy),barttorvik
Western Carolina,109.35815843279,113.97372568441,0.38333767860066,13–16,13,29,50.4,54.9,31.3,37.8,16.8,14.5,35.4,26.3,68.8,50.6,54.8,33.5,36.7,7.3,7.7,44.3,48.1,40.9,43.7,67.896252181862,77.2796731358529,81.045,1.82686925229908,2026,0,0,0.2000800000000028,,71.4,73.0,1.101,1.14,14.578965172414,Western Carolina,Western Carolina,barttorvik
Bethune Cookman,104.11882987465,108.59998023599,0.38116851778959,16–15,16,31,51.0,49.7,40.9,38.6,19.2,15.8,30.1,31.7,70.9,51.6,49.9,33.0,32.9,11.2,7.1,50.4,47.7,29.7,33.1,68.990624923862,77.43315725314912,78.97200000000001,2.6034,2026,0,0,0.4903600000000027,,69.7,71.5,1.039,1.08,17.275683870968,Bethune Cookman,Bethune-Cookman (fuzzy),barttorvik
Tarleton St.,103.33275265991,107.78754999947,0.38098031557653,10–18,10,28,48.3,53.6,41.9,47.7,20.0,23.4,31.5,35.1,70.2,48.2,54.4,32.5,34.9,9.7,9.6,41.7,55.5,24.2,40.7,69.509929322582,75.5362076182503,78.45150000000001,1.8048,2026,0,0,12.3432,,74.2,73.2,1.018,1.064,16.683635714286,Tarleton St.,Tarleton State (fuzzy),barttorvik
Ohio,108.28215853278,113.1724865851,0.37566579985897,13–17,13,30,50.9,53.0,36.9,38.2,15.5,16.1,28.4,32.8,70.4,54.5,51.9,30.1,36.8,8.6,7.5,46.6,47.7,38.1,33.6,68.870193499216,76.85349544072947,79.7265,2.154430886177235,2026,0,0,7.352040000000003,,71.0,73.2,1.081,1.127,13.75284,Ohio,Ohio,barttorvik
Stony Brook,105.20651727425,110.18847441608,0.37003396239358,15–15,15,30,50.2,50.7,28.4,35.4,16.8,17.1,28.0,32.4,66.4,48.5,48.8,34.8,35.7,10.5,11.7,52.4,53.3,45.8,39.8,66.17068779668,77.5838858750251,80.1435,1.6636672665466898,2026,0,0,3.225920000000003,,72.3,71.5,1.051,1.078,10.187323333333,Stony Brook,Stony Brook,barttorvik
Texas St.,104.43653933802,109.60064721858,0.36469768389655,17–13,17,30,50.0,52.0,34.0,39.1,18.6,18.5,33.9,28.4,67.3,50.5,51.1,32.2,35.7,10.6,10.1,48.2,43.8,24.6,37.5,66.145589389521,76.75825302440023,79.6495,2.0210000000000004,2026,0,0,0.2000000000000028,,76.2,71.4,1.056,1.064,7.4710333333333,Texas St.,Texas State (fuzzy),barttorvik
Georgia Southern,110.00680809726,115.88121363642,0.35473982146977,19–16,19,35,51.4,52.3,39.6,41.4,14.6,18.7,28.8,35.2,71.1,52.7,52.9,33.4,34.3,9.9,9.2,41.1,46.4,48.9,39.5,70.099870979996,76.86707441386343,80.02700000000002,2.5089999999999995,2026,0,0,11.79872,,74.3,74.0,1.112,1.119,8.0519314285714,Georgia Southern,Georgia Southern,barttorvik
Coastal Carolina,101.79272362571,107.45689507761,0.3491588976384,18–13,18,31,47.9,46.8,32.3,34.9,15.2,12.3,26.9,27.6,68.3,46.1,45.5,33.5,32.8,8.1,7.6,40.4,37.7,43.1,35.7,67.082846429666,77.4346431435445,80.4215,2.1251749650069987,2026,0,0,15.00912,,73.1,71.1,1.027,1.052,9.3384193548387,Coastal Carolina,Coastal Carolina,barttorvik
Denver,114.96582542471,121.36993894335,0.34900956698518,12–17,12,29,53.6,56.0,34.1,36.8,14.3,13.0,29.8,32.8,69.4,52.6,56.6,36.8,36.7,5.0,7.9,40.2,42.4,38.6,37.0,68.046787749574,77.16128381106176,79.468,2.2825434913017397,2026,0,0,0.2000400000000028,,77.1,70.3,1.157,1.211,16.239127586207,Denver,Denver,barttorvik
Samford,107.77080127469,113.85127775204,0.3472403226402,16–14,16,30,53.1,51.9,41.9,32.9,13.4,13.0,25.3,25.7,68.4,52.8,50.3,35.6,36.5,7.0,10.2,55.2,45.8,45.7,35.9,67.33788961726,75.83874873864782,79.04249999999998,1.778511404561825,2026,0,0,11.2244,,69.2,74.5,1.123,1.111,10.60656,Samford,Samford,barttorvik
Lipscomb,105.03097255055,111.05807466852,0.34486761108567,17–13,17,30,54.1,53.2,26.0,29.0,16.0,17.7,25.8,30.2,70.5,54.5,54.3,35.7,34.3,7.2,10.1,62.3,46.2,47.9,40.2,69.452196705409,77.20148207490486,80.926,2.1607678464307143,2026,0,0,0.2000400000000028,,74.9,71.2,1.096,1.088,14.006199666667,Lipscomb,Lipscomb,barttorvik
Old Dominion,106.20372788686,112.4512490623,0.34133590896836,11–21,11,32,50.7,50.8,34.7,42.0,15.4,14.5,26.0,30.3,70.3,48.8,52.4,36.0,32.0,8.1,11.1,49.0,51.4,36.2,36.4,68.893136769996,77.32541615915548,80.3685,2.1808914651209284,2026,0,0,15.593320000000002,,73.3,74.3,1.069,1.111,12.78008125,Old Dominion,Old Dominion,barttorvik
LIU,103.64321132438,109.77972580912,0.34040329108342,24–10,24,34,53.3,49.8,34.7,34.1,19.0,18.9,34.3,32.6,68.1,52.9,50.8,36.1,31.9,13.9,8.1,49.7,49.2,29.0,33.2,67.828926434645,77.54701211867948,78.697,2.4138,2026,0,0,0.2000000000000028,,66.8,69.0,1.083,1.04,9.6851941176471,LIU,LIU,barttorvik
Eastern Michigan,101.61008640902,107.71689458904,0.33823227090241,9–21,9,30,49.6,50.3,29.3,35.5,17.4,15.6,27.8,29.1,68.4,50.0,50.8,32.4,32.9,10.9,9.7,47.9,51.3,31.8,35.6,66.47679445884,77.97125628140701,80.76899999999999,1.887977595519104,2026,0,0,24.842960000000005,,73.2,72.3,1.019,1.08,16.028543333333,Eastern Michigan,Eastern Michigan,barttorvik
Florida Gulf Coast,105.16941468176,111.53923231172,0.33710001714404,14–18,14,32,52.0,53.4,29.1,38.3,15.9,16.5,31.1,28.2,69.1,53.3,53.6,33.2,35.4,11.1,8.6,52.0,53.3,38.4,46.2,67.609180003722,77.19496986073581,79.925,1.7412,2026,0,0,22.10208,,72.1,74.0,1.096,1.115,11.0301,Florida Gulf Coast,Florida Gulf Coast,barttorvik
Nebraska Omaha,106.08022217491,112.61841403317,0.33452029550845,12–17,12,29,52.2,52.7,34.5,33.6,16.1,14.1,25.5,28.7,68.6,53.0,55.6,34.0,32.9,9.1,10.5,46.9,53.4,40.9,45.5,67.109946501097,77.1264552388599,80.2295,2.4730946189237857,2026,0,0,5.565720000000003,,73.2,72.4,1.072,1.127,11.645675862069,Nebraska Omaha,Omaha,barttorvik
Long Beach St.,104.25644312629,110.78748883293,0.33209116586203,8–22,8,30,50.6,53.7,30.7,42.3,18.0,17.5,26.2,27.8,70.9,51.5,54.8,32.7,34.4,7.8,7.2,46.2,53.1,34.8,35.3,68.420995403943,77.48279372836488,80.763,1.434773909563825,2026,0,0,11.127000000000002,,72.5,75.0,1.021,1.101,15.867346666667,Long Beach St.,Long Beach State (fuzzy),barttorvik
Saint Peter's,103.21744848729,109.78623508128,0.32970528464205,16–12,16,28,46.4,48.1,35.5,46.4,17.7,20.0,37.0,34.7,65.5,46.2,48.0,31.0,32.1,11.3,10.0,53.2,53.1,38.7,35.5,65.463846500449,76.70437737357585,79.61399999999999,2.07935238856686,2026,0,0,0.2001200000000028,,73.6,74.4,1.047,1.045,9.5196285714286,Saint Peter's,Saint Peter's,barttorvik
Radford,106.361590016,113.21772535977,0.32774881370947,13–16,13,29,51.3,53.0,42.4,40.0,17.1,18.5,29.8,32.2,72.4,52.3,52.9,33.5,35.5,9.2,9.6,45.7,54.3,45.4,37.9,70.675404533023,77.127624872579,80.20100000000001,2.0422,2026,0,0,27.82136,,71.0,71.8,1.086,1.098,10.911713793103,Radford,Radford,barttorvik
Iona,104.0025824652,110.87572312561,0.32389397689054,18–14,18,32,51.9,48.9,29.3,28.8,17.2,16.6,27.8,31.2,68.5,51.2,51.0,35.1,30.6,8.1,11.1,53.7,56.5,45.9,40.7,69.132193540806,77.08086583622625,80.63449999999999,2.3229354129174173,2026,0,0,16.770000000000003,,70.7,73.3,1.058,1.048,8.274884375,Iona,Iona,barttorvik
American,105.24035102923,112.21190799101,0.32352113365567,14–16,14,30,51.5,54.4,28.7,42.1,15.6,19.2,26.9,29.4,66.7,53.3,55.1,33.0,35.5,4.4,10.0,49.5,53.7,46.5,37.0,66.738593350862,76.79798809279409,78.628,1.2547999999999997,2026,0,0,0.2000000000000028,,75.8,72.2,1.079,1.09,11.33741,American,American,barttorvik
Central Michigan,106.50253531903,113.5692463143,0.32326539474603,8–21,8,29,51.8,54.0,31.4,39.0,18.1,17.0,29.2,34.3,68.3,52.2,54.4,33.9,35.5,11.6,8.8,54.9,57.9,34.0,38.4,67.055734340595,77.4212774613507,81.0445,2.0343931213757247,2026,0,0,8.648840000000002,,69.7,69.1,1.049,1.137,14.638162068966,Central Michigan,Central Michigan,barttorvik
Boston University,111.69739241778,119.15459775259,0.32229890453931,16–17,16,33,57.5,53.6,31.4,30.5,17.8,13.0,28.0,28.0,63.5,56.9,52.8,38.8,36.6,9.6,8.9,53.6,49.4,43.8,40.6,63.119704105842,77.4351926163724,80.68650000000001,1.0457999999999998,2026,0,0,8.248920000000004,,73.4,72.7,1.144,1.142,7.0540181818182,Boston University,Boston University,barttorvik
Colgate,107.38602971108,114.69251511031,0.3193014960771,16–15,16,31,53.3,52.2,29.7,33.8,14.6,15.3,26.6,29.3,66.9,53.2,52.2,35.6,34.8,8.3,6.3,51.4,54.7,35.0,41.7,66.847914572071,77.33305921052633,80.16599999999998,1.4682127149140336,2026,0,0,0.2000800000000028,,74.7,71.9,1.102,1.111,13.271,Colgate,Colgate,barttorvik
UC Riverside,103.61642898695,110.67055430358,0.31920841847229,8–22,8,30,48.9,52.7,35.0,40.9,19.0,15.5,27.8,30.0,71.1,49.9,53.8,31.6,33.5,10.1,8.6,49.7,50.7,38.3,31.7,68.467830898908,77.94035016286645,80.50699999999999,2.062187562487502,2026,0,0,0.2000400000000028,,74.2,70.7,1.008,1.113,16.94295,UC Riverside,UC Riverside,barttorvik
Nicholls St.,104.82362508557,112.01797603627,0.31791459633141,13–19,13,32,50.6,54.4,34.5,37.9,17.4,20.5,28.1,33.7,68.3,51.2,56.0,33.3,34.6,8.2,9.9,52.1,56.2,43.9,38.7,68.251249373568,77.63676948051946,80.293,2.6742,2026,0,0,5.597200000000003,,66.2,78.0,1.039,1.108,14.477615625,Nicholls St.,Nicholls (fuzzy),barttorvik
Southern,106.10098848235,113.42801486034,0.31692576034802,14–17,14,31,49.1,53.2,39.8,42.9,16.5,18.6,31.4,31.3,71.4,47.7,52.1,34.8,36.7,10.6,10.0,52.6,52.8,32.1,37.5,69.797468246653,76.71698504983387,79.335,2.525315189113468,2026,0,0,0.1998800000000028,,69.5,76.3,1.053,1.109,15.772322580645,Southern,Southern,barttorvik
Southeast Missouri St.,101.08331584253,108.1677335493,0.31453819074905,17–13,17,30,49.8,48.8,38.8,48.0,16.9,18.1,29.6,28.2,69.9,51.8,48.4,30.9,33.1,9.9,9.5,45.7,43.9,36.0,33.2,68.933286297556,76.2491453850794,79.15749999999998,2.277033779732161,2026,0,0,9.746440000000002,,69.5,73.8,1.043,1.03,9.50081,Southeast Missouri St.,Southeast Missouri State (fuzzy),barttorvik
Charleston Southern,104.86599778273,112.23131834604,0.31418934923984,12–17,12,29,54.1,46.9,30.5,43.3,18.5,12.8,29.4,30.3,73.3,54.6,46.6,35.6,31.9,11.0,10.0,54.9,39.2,49.5,31.3,71.5741837095,77.03631170950635,80.28250000000001,2.202959408118377,2026,0,0,0.2000400000000028,,64.8,71.2,1.077,1.078,9.1161172413793,Charleston Southern,Charleston Southern,barttorvik
Princeton,104.98130806927,112.37590910922,0.31372242669466,8–20,8,28,49.6,52.0,34.6,34.0,17.1,14.3,27.2,28.5,64.5,48.6,55.7,33.9,31.1,6.4,10.3,55.0,50.1,44.5,41.4,63.859564137671,77.57101449275362,80.0225,1.1080216043208648,2026,0,0,18.44884,,74.8,72.6,1.037,1.114,13.422557142857,Princeton,Princeton,barttorvik
Lamar,102.75233196567,110.06379014628,0.31206272938174,10–19,10,29,47.8,50.9,27.9,44.4,18.1,17.3,35.7,29.4,65.8,47.0,49.7,32.9,35.3,12.7,8.5,55.4,57.7,33.9,37.5,65.373954141075,77.20196640721015,81.122,2.1012,2026,0,0,0.2000000000000028,,70.7,68.9,1.035,1.067,12.519234482759,Lamar,Lamar,barttorvik
Pepperdine,105.67019266582,113.25713629786,0.31058493348095,7–23,7,30,47.6,54.2,33.8,28.5,18.3,16.5,29.1,34.0,69.4,48.0,54.9,31.4,35.5,7.5,10.7,56.2,56.1,39.2,40.3,68.38654352503,78.49171842650102,81.636,1.413317336532693,2026,0,0,29.556,,75.8,72.3,1.005,1.138,20.862653333333,Pepperdine,Pepperdine,barttorvik
Abilene Christian,99.849058429841,107.02471052897,0.31043180503887,11–19,11,30,47.5,56.5,41.7,53.5,20.8,23.4,31.0,29.1,68.9,48.0,54.4,31.0,40.9,7.5,12.6,54.1,50.7,32.8,30.0,67.441704849208,77.45325203252033,80.184,2.2498,2026,0,0,12.449000000000002,,70.4,72.3,0.981,1.067,16.218963333333,Abilene Christian,Abilene Christian,barttorvik
Vermont,104.82991156408,112.45560625047,0.30841859389081,20–12,20,32,53.1,50.4,31.1,36.4,14.3,14.8,26.2,23.0,64.4,55.7,48.6,33.3,35.3,8.5,8.3,47.9,48.3,44.6,41.2,64.704637763281,77.51462578172281,80.34,1.771554310862172,2026,0,0,9.252360000000005,,71.9,73.4,1.107,1.055,5.481765625,Vermont,Vermont,barttorvik
UNC Asheville,103.74638910993,111.32771083812,0.30766003167746,12–17,12,29,51.0,51.3,40.0,38.7,17.4,15.5,29.8,31.3,67.1,50.1,52.8,35.1,32.6,10.0,7.7,40.4,48.7,33.6,38.4,64.80707495341,78.62377066331868,81.14949999999999,1.9498100379924024,2026,0,0,1.978040000000003,,68.4,67.7,1.058,1.091,10.878562068966,UNC Asheville,UNC Asheville,barttorvik
Fairfield,105.36904351938,113.07789458496,0.3074661123474,20–13,20,33,48.8,51.0,27.7,30.4,15.3,16.8,35.8,29.1,67.1,48.2,50.8,33.2,34.3,9.4,10.5,45.2,52.6,35.4,35.9,67.053460473102,76.32513216754778,79.676,1.125774845030994,2026,0,0,0.2000400000000028,,70.5,73.6,1.083,1.068,6.5639212121212,Fairfield,Fairfield,barttorvik
East Carolina,103.61154849781,111.2758514501,0.30561935146202,10–20,10,30,46.4,52.3,39.2,32.2,17.1,16.2,33.4,32.5,69.2,47.5,52.2,29.3,34.9,10.7,8.1,47.3,54.6,31.1,38.8,68.655161187795,76.9309705336905,80.99000000000002,2.0870174034806954,2026,0,0,21.56188,,70.0,72.2,1.021,1.109,15.675743333333,East Carolina,East Carolina,barttorvik
Idaho St.,108.79546082704,116.94176002127,0.30356603145123,10–20,10,30,51.8,54.5,37.9,38.0,17.0,14.7,32.8,27.9,67.0,52.9,56.1,33.6,34.5,11.2,8.8,47.0,48.3,41.9,37.0,65.23152881467,77.39117291414753,80.244,2.0703859228154373,2026,0,0,0.2000400000000028,,74.1,76.6,1.094,1.153,14.575586666667,Idaho St.,Idaho State (fuzzy),barttorvik
SIU Edwardsville,98.875595139729,106.35495652607,0.30183466084863,16–13,16,29,49.5,45.6,30.6,34.3,17.9,17.0,30.1,31.6,65.6,47.8,45.8,35.0,30.2,11.5,8.9,50.9,46.4,36.2,38.4,64.416655898239,77.25674019607843,81.4855,2.4789042191561683,2026,0,0,8.710200000000002,,67.1,70.6,1.023,0.996,6.1541206896552,SIU Edwardsville,SIU Edwardsville,barttorvik
Southern Utah,106.35020887308,114.50375766235,0.29953638010812,7–22,7,29,50.7,53.2,33.1,29.8,20.3,14.8,28.8,33.6,70.8,51.4,51.7,33.0,38.0,9.2,10.2,49.6,46.9,35.5,29.5,70.369915622615,78.70024321037697,82.044,2.0673595842494503,2026,0,0,11.369120000000008,,71.5,70.9,1.016,1.142,16.768003448276,Southern Utah,Southern Utah,barttorvik
Tennessee Martin,97.966048441961,105.53165564959,0.29828355148669,19–11,19,30,48.7,46.1,37.4,35.8,21.4,20.0,37.0,32.0,66.0,51.5,46.7,30.3,30.2,12.3,10.9,56.2,53.4,47.1,39.5,64.296084415178,78.40947752126365,80.11099999999999,0.9957991598319668,2026,0,0,0.1999600000000028,,67.7,68.7,1.024,0.977,7.2862533333333,Tennessee Martin,UT Martin,barttorvik
Elon,108.00669158067,116.38621552192,0.29748758357261,12–18,12,30,52.2,54.0,33.5,34.6,15.9,16.4,32.2,33.5,68.0,52.8,53.3,34.3,36.5,8.9,11.2,54.6,56.1,43.2,44.5,66.830294089444,77.71725110842401,80.38,1.9819999999999995,2026,0,0,6.999800000000004,,71.4,71.3,1.113,1.148,11.692773333333,Elon,Elon,barttorvik
Purdue Fort Wayne,104.94925510217,113.35296079221,0.29196908981339,14–15,14,29,52.6,56.1,30.6,28.5,14.5,19.1,22.9,34.5,69.0,53.7,55.5,34.2,37.9,9.1,8.3,49.8,55.9,45.3,44.1,67.707089000075,76.2772197669747,80.255,2.1916000000000007,2026,0,0,0.2000000000000028,,70.7,76.2,1.075,1.141,14.863948275862,Purdue Fort Wayne,Purdue Fort Wayne,barttorvik
Sacramento St.,105.49006252186,114.06352201141,0.28933918361577,7–21,7,28,47.0,55.0,41.2,36.2,14.1,17.1,25.2,33.4,72.3,46.6,56.8,31.9,35.2,7.8,8.5,48.9,57.9,35.6,43.7,71.655311581935,77.2461322081575,79.61949999999999,1.4809038192361523,2026,0,0,13.596840000000002,,78.1,72.5,1.045,1.151,16.805939285714,Sacramento St.,Sacramento State (fuzzy),barttorvik
North Dakota,106.69117338522,115.39178072497,0.28873433406446,15–17,15,32,49.4,56.5,37.8,43.8,14.1,19.4,27.4,32.4,69.2,49.7,57.2,32.7,37.1,7.8,8.3,42.4,58.8,40.6,42.9,67.318036192387,76.5764705882353,79.8015,1.5826834633073394,2026,0,0,15.386720000000002,,69.5,70.9,1.064,1.142,13.636053125,North Dakota,North Dakota,barttorvik
Wofford,108.11819597305,117.04272465706,0.28656805496979,17–13,17,30,52.5,53.8,36.2,36.8,13.4,14.9,29.8,29.0,68.4,52.5,53.4,35.0,36.4,8.6,9.5,51.2,50.6,43.1,38.0,67.836759386675,75.81373737373738,78.43050000000001,1.1588000000000005,2026,0,0,0.2000000000000028,,70.9,76.1,1.141,1.144,8.5575633333333,Wofford,Wofford,barttorvik
UTEP,101.13342085896,109.66531145365,0.28263807481519,8–20,8,28,48.3,51.5,33.4,42.0,17.4,18.0,26.2,32.8,66.0,46.5,51.9,33.9,34.0,10.1,8.4,48.0,52.7,40.3,37.5,65.235680324028,76.87862468931233,80.16699999999999,2.0686,2026,0,0,0.7790400000000018,,70.4,70.9,0.998,1.091,13.436610714286,UTEP,UTEP,barttorvik
Longwood,103.03668800252,111.75006060374,0.28220179999406,13–16,13,29,49.7,53.8,41.3,42.1,19.1,19.8,34.6,27.7,69.4,51.1,56.1,31.4,33.8,6.1,9.4,47.1,49.9,34.8,42.6,68.527334660809,76.84145351197726,79.391,2.107,2026,0,0,34.304,,74.0,69.3,1.062,1.067,8.0460931034483,Longwood,Longwood,barttorvik
Lindenwood,100.18139494874,108.7263273026,0.2806394482934,15–15,15,30,48.0,49.1,38.6,37.4,18.7,18.4,33.2,31.8,73.0,49.6,49.4,29.4,32.4,10.7,9.5,49.1,47.9,30.7,32.9,72.398277122085,77.04960067255149,79.56550000000001,1.877751100440176,2026,0,0,0.1999200000000028,,67.4,68.4,1.018,1.028,10.02949,Lindenwood,Lindenwood,barttorvik
Dartmouth,104.5340078547,113.4639072058,0.28035893773894,9–16,9,25,51.8,52.7,38.0,30.7,17.6,13.8,23.7,29.7,69.2,49.4,53.2,36.1,34.6,9.3,10.4,53.9,50.8,48.7,39.2,69.53902359327,77.03229839549905,79.34,1.8295659131826367,2026,0,0,0.1999600000000028,,74.2,71.2,1.05,1.127,13.510396,Dartmouth,Dartmouth,barttorvik
Milwaukee,106.063976211,115.21182294203,0.27860456733552,11–20,11,31,49.9,55.5,32.1,35.9,15.2,15.8,33.0,29.2,69.1,50.8,56.0,32.3,36.5,8.5,9.5,48.1,55.8,38.1,40.2,67.630670608721,76.59797365754814,79.58149999999999,1.8918000000000004,2026,0,0,7.696880000000004,,68.7,74.3,1.081,1.157,16.141132258065,Milwaukee,Milwaukee,barttorvik
Incarnate Word,108.59718775248,118.0747759783,0.27643093823055,9–19,9,28,50.2,54.5,34.0,41.6,17.2,15.7,32.1,32.0,65.4,47.7,56.0,36.1,34.4,7.0,9.8,44.2,51.8,39.1,35.4,65.457511054196,76.38143700386729,79.72599999999998,2.478704259148171,2026,0,0,0.2000400000000028,,71.2,71.7,1.077,1.147,14.112614285714,Incarnate Word,Incarnate Word,barttorvik
Loyola Chicago,103.21365259073,112.32285809429,0.27435722209707,9–24,9,33,49.8,52.0,34.8,33.6,19.8,12.9,30.5,29.7,65.9,51.9,49.5,31.7,36.8,11.6,13.9,60.8,61.3,47.7,44.3,65.764372879993,77.45965770171148,80.40150000000001,1.865746298519407,2026,0,0,22.91312,,67.3,76.5,1.01,1.146,18.117921212121,Loyola Chicago,Loyola Chicago,barttorvik
Delaware,105.67984842005,115.09378899408,0.27262777283872,10–20,10,30,53.3,51.5,30.6,30.2,18.2,14.0,20.8,31.1,64.0,51.7,50.6,36.8,35.1,9.1,10.4,52.3,60.7,46.2,43.4,63.140482785762,78.5204405846219,80.44850000000001,1.7159136345461825,2026,0,0,14.548480000000003,,78.6,77.7,1.04,1.135,11.93226,Delaware,Delaware,barttorvik
South Dakota,104.34119543837,113.81827390849,0.26898594001698,13–16,13,29,49.9,54.5,45.2,31.0,16.6,15.9,28.7,30.3,71.4,50.7,55.7,32.3,34.5,6.0,9.4,46.1,42.8,35.9,30.0,69.960688772499,76.47820823244552,79.382,1.4364000000000003,2026,0,0,0.4490400000000029,,74.2,73.9,1.074,1.125,11.274817241379,South Dakota,South Dakota,barttorvik
Mount St. Mary's,99.191960205521,108.26780523449,0.26759969929803,14–17,14,31,50.6,47.2,33.3,37.3,22.4,15.3,32.3,29.1,67.7,51.8,46.2,32.7,32.3,9.0,8.5,55.2,52.9,42.6,44.9,67.799206482457,76.98687664041995,80.43249999999998,2.283886445421832,2026,0,0,1.7421600000000026,,67.4,75.3,0.999,1.045,11.152070967742,Mount St. Mary's,Mount St Mary's,barttorvik
Ball St.,99.024044036482,108.22813590996,0.26461761207782,10–19,10,29,47.0,52.7,31.6,32.1,16.2,18.7,27.1,31.0,65.4,47.0,53.0,31.4,34.8,8.2,10.9,53.6,54.1,39.4,41.2,63.652772384032,76.30208118689471,79.1615,1.939012197560488,2026,0,0,8.68732,,71.0,77.3,1.003,1.083,11.162820689655,Ball St.,Ball State (fuzzy),barttorvik
Western Michigan,107.12513712032,117.47196194296,0.25724767574699,9–20,9,29,49.9,54.4,32.8,37.5,16.9,13.4,30.5,29.1,69.0,48.1,54.5,35.3,36.1,7.6,11.9,48.1,53.9,36.1,43.7,67.802354221522,77.09550789154187,80.292,1.5957616953218712,2026,0,0,10.810600000000004,,74.4,69.7,1.066,1.155,14.730227586207,Western Michigan,Western Michigan,barttorvik
Prairie View A&M,101.45415382143,111.36020543113,0.25514171158913,14–17,14,31,47.9,50.4,42.8,43.9,16.0,19.1,27.1,34.8,72.8,47.0,49.4,33.2,35.0,12.2,8.2,44.2,48.5,30.9,32.7,70.868969972477,76.42768079800499,79.34249999999999,2.802160432086417,2026,0,0,0.2309200000000028,,75.2,72.6,1.037,1.075,10.925048387097,Prairie View A&M,Prairie View A&M,barttorvik
Presbyterian,102.40868135424,112.51775992581,0.253013313156,12–18,12,30,51.0,51.2,39.3,37.1,19.3,15.7,33.1,30.6,66.1,52.3,50.6,31.6,34.7,12.5,8.4,49.1,47.9,28.0,36.3,64.196735799582,78.26674912389198,80.66000000000003,1.554910982196438,2026,0,0,0.1999600000000028,,68.5,69.2,1.046,1.092,10.54198,Presbyterian,Presbyterian,barttorvik
Lehigh,102.5867386293,112.7828740879,0.2516762709906,16–16,16,32,53.3,50.6,32.2,32.8,17.5,16.3,22.8,31.7,66.5,52.4,51.2,36.5,32.8,7.8,7.7,54.3,45.3,38.2,32.2,66.868988163913,76.65813191315034,79.85749999999999,1.3680736147229449,2026,0,0,0.8264800000000027,,72.9,75.1,1.052,1.085,9.477446875,Lehigh,Lehigh,barttorvik
Mercyhurst,101.31062032205,111.49275527292,0.24948960936615,15–17,15,32,49.5,50.1,25.6,42.6,14.3,18.7,26.4,29.9,64.5,50.0,51.0,32.1,32.3,11.0,6.3,54.2,52.5,31.1,33.6,64.58847504753,75.0315342631898,77.7935,1.895220955808838,2026,0,0,0.2000400000000028,,74.1,69.6,1.04,1.046,8.5991375,Mercyhurst,Mercyhurst,barttorvik
Jacksonville,103.44336863602,113.89770562535,0.24839720199692,10–20,10,30,50.0,54.8,32.8,42.7,17.2,15.0,31.7,29.1,65.2,51.5,55.0,31.7,36.3,8.0,7.5,44.7,50.8,37.4,35.2,63.523429474666,76.92064463484293,80.308,1.364054378248701,2026,0,0,21.197920000000003,,72.3,69.8,1.057,1.144,13.005993333333,Jacksonville,Jacksonville,barttorvik
Louisiana,101.54184750915,111.81841125003,0.24812077801578,11–22,11,33,47.1,52.6,28.7,45.8,16.8,18.3,28.3,32.3,64.1,44.8,52.2,33.6,35.6,10.8,8.0,45.9,49.7,40.5,36.2,63.270543252176,77.05751316322397,79.56199999999998,1.4100820164032806,2026,0,0,26.214640000000006,,70.4,72.8,0.993,1.102,11.214715151515,Louisiana,Louisiana,barttorvik
UNC Greensboro,107.86527502251,119.02884368165,0.24369029731213,13–19,13,32,52.0,56.2,42.0,30.6,15.0,13.7,28.1,29.0,68.6,51.0,55.6,35.6,38.0,5.8,9.1,46.9,50.0,40.2,46.6,67.667823206201,75.79852125693161,79.07750000000001,1.594199999999999,2026,0,0,6.808240000000001,,70.4,70.7,1.105,1.181,8.612690625,UNC Greensboro,UNC Greensboro,barttorvik
Arkansas Pine Bluff,104.90911436015,115.81896023513,0.24273559736874,11–19,11,30,50.0,52.6,38.4,43.6,18.7,16.5,27.9,34.2,71.2,49.8,54.4,33.6,33.2,7.8,8.7,56.3,53.8,37.2,37.3,69.280823324606,76.84328358208954,79.39049999999999,2.108021604320864,2026,0,0,21.1634,,75.5,75.7,1.035,1.145,16.00306,Arkansas Pine Bluff,Arkansas-Pine Bluff (fuzzy),barttorvik
Brown,97.792875516876,107.97045611127,0.24258338502422,7–18,7,25,48.6,51.3,28.1,37.6,19.5,18.7,29.0,30.0,66.7,50.4,52.2,30.3,33.5,12.0,9.4,59.5,55.3,36.3,43.0,66.688658066131,76.71026694045175,79.6235,1.5008998200359929,2026,0,0,9.6002,,68.4,75.9,0.988,1.065,9.8601,Brown,Brown,barttorvik
Morehead St.,106.38434481026,117.64661521472,0.2391747013307,17–13,17,30,49.2,50.2,37.7,35.6,18.0,15.4,35.8,35.8,66.8,49.7,49.1,32.0,34.5,8.3,9.2,47.4,54.8,30.5,39.0,65.332182537802,76.68190018039687,79.6865,1.8330333933213363,2026,0,0,0.2000400000000028,,74.1,71.2,1.068,1.121,9.9899033333334,Morehead St.,Morehead State (fuzzy),barttorvik
Florida A&M,98.843890857304,109.39443834629,0.23752252398469,13–16,13,29,49.2,51.2,37.4,39.6,21.5,19.1,30.9,30.9,70.3,49.4,50.6,32.6,34.9,8.1,9.7,52.6,49.7,37.7,34.4,67.980844906805,77.60738323475424,80.192,2.464507098580285,2026,0,0,22.69852,,70.3,75.2,0.992,1.063,11.108789655172,Florida A&M,Florida A&M,barttorvik
IU Indy,106.1458780057,117.48794642895,0.23730789675768,5–25,5,30,52.2,58.2,21.7,46.6,15.9,19.2,28.7,35.6,75.0,54.8,58.4,32.4,38.5,7.6,7.9,61.9,52.1,42.1,35.7,73.670105984981,76.49306971055852,78.873,1.6401999999999997,2026,0,0,0.2000000000000029,,72.1,74.3,1.075,1.185,12.319093333333,IU Indy,IUPUI,barttorvik
East Texas A&M,100.62800102767,111.49892897418,0.23510238290524,9–21,9,30,49.2,52.9,32.0,34.5,19.2,17.0,25.7,32.8,68.5,51.2,51.0,31.3,37.3,8.6,10.7,62.4,56.0,46.2,38.0,68.388519932037,77.03466239230615,79.3215,2.483,2026,0,0,11.977080000000004,,67.9,69.6,0.979,1.11,15.43164,East Texas A&M,East Texas A&M,barttorvik
Northeastern,106.90554954561,118.4700606466,0.2348333973035,7–24,7,31,52.4,56.4,29.4,41.9,16.4,16.8,27.3,30.2,69.7,53.6,57.8,33.7,35.8,8.1,9.5,55.7,50.2,37.8,35.2,69.741594053953,77.68048780487807,80.21100000000001,1.3320664132826563,2026,0,0,0.1999600000000028,,69.0,73.9,1.071,1.158,11.065241935484,Northeastern,Northeastern,barttorvik
West Georgia,102.13609365902,113.19179344996,0.23470335122056,13–17,13,30,49.6,53.4,29.2,36.9,15.9,14.7,31.5,29.0,70.2,49.6,55.7,33.1,33.1,12.4,5.6,44.3,50.5,33.0,37.4,69.064638289753,77.22889381422527,79.8205,2.1899240303878447,2026,0,0,0.2000800000000028,,70.4,73.4,1.06,1.133,11.875856666667,West Georgia,West Georgia,barttorvik
Southeastern Louisiana,99.38284069079,110.17816387652,0.2339981351551,8–22,8,30,46.7,52.4,40.3,41.2,18.4,19.1,28.6,31.4,65.6,49.4,51.4,28.4,36.0,8.3,9.7,51.6,53.0,39.5,37.9,65.425514317509,76.7966,79.17849999999999,1.8484000000000005,2026,0,0,0.2000000000000028,,68.4,73.4,0.984,1.082,13.36754,Southeastern Louisiana,SE Louisiana,barttorvik
Sacred Heart,106.80373817295,118.5592793917,0.23132727804257,13–19,13,32,52.0,53.5,31.0,27.0,17.7,14.5,28.6,30.9,68.4,50.4,54.4,35.7,34.8,8.6,9.3,58.6,59.8,50.7,43.5,68.399658061315,76.95668971126474,79.783,1.953018792483008,2026,0,0,3.2403600000000026,,78.0,70.0,1.083,1.13,8.461621875,Sacred Heart,Sacred Heart,barttorvik
Bellarmine,114.98660835605,127.76338379081,0.22940222505741,11–19,11,30,59.4,59.4,35.0,34.3,15.5,15.0,22.4,34.2,66.1,61.0,58.1,38.1,40.4,5.9,9.1,53.4,61.9,41.2,50.5,64.596109130033,77.85535606213436,79.8655,1.724489795918367,2026,0,0,0.1999200000000028,,78.8,73.3,1.183,1.249,11.54596,Bellarmine,Bellarmine,barttorvik
Oral Roberts,102.34391473843,113.98435131797,0.22464377885598,7–23,7,30,49.7,53.6,34.8,39.1,18.5,14.7,28.4,31.8,69.2,51.1,52.2,32.0,37.4,9.1,9.8,47.1,46.0,45.6,36.6,67.725762538369,76.7458485216687,79.217,1.5336797921247256,2026,0,0,16.521159999999995,,74.0,69.0,1.03,1.144,13.38366,Oral Roberts,Oral Roberts,barttorvik
Eastern Kentucky,108.56676857749,120.91887135793,0.22457936934831,9–21,9,30,52.1,56.1,30.7,38.5,16.9,14.8,32.5,31.7,68.7,51.6,57.4,35.0,36.2,8.4,8.4,53.3,54.5,50.8,41.6,67.246622024114,76.06807990216062,79.3525,1.807361472294457,2026,0,0,8.294920000000003,,72.4,73.2,1.11,1.191,11.090453333333,Eastern Kentucky,Eastern Kentucky,barttorvik
Grambling St.,96.319158156323,107.28101067542,0.22451940644176,12–19,12,31,48.8,50.0,41.1,40.0,21.2,20.8,30.3,32.5,69.4,48.9,50.5,32.3,32.7,7.5,13.1,51.6,52.6,38.1,35.2,67.512879334555,78.15956770502225,79.1905,2.6158768246350728,2026,0,0,0.2346000000000028,,72.9,72.0,0.995,1.027,10.479490322581,Grambling St.,Grambling (fuzzy),barttorvik
Evansville,102.35051337343,114.29028155705,0.2194474183411,5–25,5,30,49.3,55.1,29.8,31.4,19.1,15.4,22.0,30.2,67.4,49.9,54.0,32.2,37.6,10.0,7.1,54.3,58.0,43.1,43.2,66.955468135055,78.74188376753506,81.55950000000001,1.69373874774955,2026,0,0,24.38968,,73.6,74.5,0.969,1.153,18.380386666667,Evansville,Evansville,barttorvik
USC Upstate,99.120022235689,110.80844026712,0.21722322019788,10–19,10,29,48.3,51.0,32.8,36.0,18.2,16.4,29.2,31.4,69.2,48.9,49.5,31.4,35.6,12.4,11.0,46.0,44.7,35.6,36.1,67.577733151025,76.72730964467004,79.98599999999999,1.9788042391521692,2026,0,0,7.3798400000000015,,68.1,70.4,1.008,1.074,12.588106896552,USC Upstate,USC Upstate,barttorvik
Hampton,100.66041245683,112.66070923467,0.21496999254559,11–19,11,30,45.7,52.0,39.2,46.5,17.0,17.2,32.9,30.0,66.0,47.1,54.0,28.8,32.1,8.4,11.8,48.9,50.5,37.1,33.6,65.399110218652,76.9867042707494,80.528,2.173199999999999,2026,0,0,9.19076,,72.5,68.2,1.022,1.084,10.787126666667,Hampton,Hampton,barttorvik
Texas Southern,102.06698688141,114.27484442935,0.21429345554646,10–18,10,28,49.7,52.5,38.2,44.0,18.5,16.5,28.8,31.2,70.6,49.8,53.5,33.1,34.1,10.0,7.7,43.2,55.3,32.5,43.2,68.667718346425,76.46830911770898,79.587,2.6837162837162847,2026,0,0,1.011120000000003,,71.9,70.9,1.029,1.113,14.745046428571,Texas Southern,Texas Southern,barttorvik
Northwestern St.,100.64593326748,112.69908165055,0.21403141049462,8–22,8,30,48.6,53.0,40.1,36.3,18.3,16.9,26.1,32.6,65.2,48.0,52.9,33.2,35.5,6.7,9.6,50.7,51.9,33.9,37.9,64.784294611598,75.93385605146761,78.33999999999999,2.135627125425085,2026,0,0,0.1999600000000028,,74.0,70.0,1.01,1.114,14.30735,Northwestern St.,Northwestern State (fuzzy),barttorvik
Alabama A&M,104.30348586227,116.82080641201,0.21359861622769,15–15,15,30,49.2,52.1,45.4,38.6,16.5,16.6,27.5,29.5,67.3,47.5,51.5,35.0,35.4,7.7,8.5,48.0,56.1,34.0,36.5,65.227953387082,77.2003828972559,80.0535,2.4658931786357265,2026,0,0,17.37496,,73.8,72.1,1.056,1.093,8.60959,Alabama A&M,Alabama A&M,barttorvik
Alabama St.,99.689156595196,111.704122072,0.21271082206353,9–22,9,31,47.1,52.2,34.9,42.3,18.3,18.7,31.9,31.5,71.3,46.8,52.8,31.8,34.2,11.0,11.0,47.6,55.0,38.5,40.4,69.283305235149,77.22240292742426,80.2525,2.1861627674465107,2026,0,0,3.563040000000002,,70.5,73.5,1.004,1.089,13.456303225806,Alabama St.,Alabama State (fuzzy),barttorvik
Houston Christian,101.63462520485,113.89239207717,0.21257007785059,10–20,10,30,49.7,54.2,36.0,30.7,18.9,17.6,29.9,32.5,64.4,50.9,55.3,31.7,35.0,10.6,9.9,58.7,53.8,36.5,37.4,64.106585152488,76.50539419087137,78.399,2.664267146570685,2026,0,0,7.268160000000003,,69.4,71.1,1.024,1.119,12.731903333333,Houston Christian,Houston Christian,barttorvik
Stetson,105.13631134897,117.870845024,0.21168215780311,10–21,10,31,53.1,55.2,32.4,30.4,18.1,15.1,26.6,31.8,67.9,52.5,57.6,36.0,34.6,5.8,7.7,58.5,54.5,44.7,41.1,66.763899180212,76.73010450160771,81.09899999999999,1.827303617829302,2026,0,0,1.6031600000000028,,69.2,74.6,1.055,1.173,12.384303225806,Stetson,Stetson,barttorvik
North Carolina A&T,104.36980909327,117.17274194647,0.20905162358097,9–19,9,28,50.7,52.9,42.3,37.5,18.6,14.1,31.7,28.6,69.1,52.3,51.7,31.6,36.6,10.2,8.4,45.4,58.5,32.7,38.1,68.520743762423,77.91509819967266,80.31450000000001,1.3366653338664536,2026,0,0,5.2720800000000025,,73.5,69.4,1.064,1.13,9.5773142857143,North Carolina A&T,North Carolina A&T,barttorvik
Chattanooga,105.32431810481,118.38962163929,0.20672633562234,10–19,10,29,54.2,51.7,29.7,42.6,14.4,13.2,21.8,31.7,67.6,55.8,52.1,35.0,34.2,7.6,7.7,55.6,53.3,49.2,44.2,67.04981801847,75.6888888888889,79.45700000000001,1.9642,2026,0,0,0.2000000000000028,,77.4,70.9,1.097,1.155,9.3526275862069,Chattanooga,Chattanooga,barttorvik
Central Connecticut,104.45916953054,117.4358431591,0.20642632687109,16–12,16,28,51.6,50.2,31.2,26.9,16.2,14.0,27.5,30.4,65.2,50.5,50.3,35.8,33.4,10.9,6.5,50.9,54.0,34.9,39.3,64.841828244747,77.48775425487756,79.8595,1.6778,2026,0,0,0.2000000000000028,,76.7,77.2,1.077,1.098,6.5485464285714,Central Connecticut,Central Connecticut,barttorvik
Le Moyne,100.76651098727,113.55168108104,0.20202302655344,14–17,14,31,52.7,49.3,39.5,32.7,19.1,15.0,25.2,29.1,69.2,53.5,46.1,34.3,36.0,9.1,9.5,56.5,54.9,40.8,39.7,69.467008555419,77.04063860667632,79.25550000000001,1.7208558288342326,2026,0,0,0.2304400000000032,,71.8,73.8,1.045,1.068,7.5239064516129,Le Moyne,Le Moyne,barttorvik
Cleveland St.,109.64081606572,123.59323418153,0.20140437271363,8–22,8,30,54.2,57.2,37.9,35.5,17.8,15.1,27.0,36.6,71.4,52.0,59.5,37.5,36.2,7.3,14.4,57.9,58.6,50.8,44.0,69.599708327238,76.11909302818393,78.9275,2.183636727345469,2026,0,0,6.603160000000003,,76.2,75.9,1.101,1.241,12.31662,Cleveland St.,Cleveland State (fuzzy),barttorvik
Georgia St.,99.310604183507,112.07047031329,0.19939682839912,8–22,8,30,44.2,50.6,37.2,34.9,15.9,16.4,27.7,33.6,68.8,42.9,51.2,30.6,33.1,8.3,8.7,50.6,51.4,42.4,39.0,67.921340932538,77.26185147507631,79.75150000000001,1.3126625325065016,2026,0,0,17.552440000000004,,78.6,70.5,0.991,1.092,10.424706666667,Georgia St.,Georgia State (fuzzy),barttorvik
Wagner,101.98697220275,115.09532231682,0.19932326724736,11–17,11,28,49.6,50.4,32.3,40.8,18.5,14.9,32.8,29.6,65.3,46.6,49.9,36.6,34.3,6.5,10.4,48.9,54.1,36.1,35.8,65.480334084733,76.53867113812619,78.429,1.969800000000001,2026,0,0,0.2000000000000028,,72.6,71.8,1.048,1.095,9.3837714285714,Wagner,Wagner,barttorvik
Northern Arizona,105.65149760578,119.30416641603,0.19819741701116,7–22,7,29,51.7,56.9,31.8,32.7,16.0,16.6,23.3,33.4,65.5,50.7,56.1,35.6,38.7,7.8,8.9,51.0,49.9,36.7,40.0,63.785713278121,76.58400646203555,79.573,1.533586565373851,2026,0,0,0.2000800000000028,,68.9,72.2,1.04,1.185,13.830237931034,Northern Arizona,Northern Arizona,barttorvik
Albany,103.47478870631,117.94112796394,0.18170145287949,8–21,8,29,51.3,53.2,24.9,35.7,18.5,15.8,32.7,32.4,65.6,52.8,52.7,32.6,36.0,11.8,9.4,48.9,56.4,37.6,40.6,65.275123095946,77.04187293729373,81.2705,1.971605678864228,2026,0,0,1.182120000000003,,65.9,73.5,1.046,1.135,8.9660896551724,Albany,UAlbany (fuzzy),barttorvik
UMass Lowell,102.67536940073,117.1356852755,0.18016231996379,12–18,12,30,49.8,53.5,34.9,28.3,18.0,14.2,32.7,29.4,68.9,50.5,54.4,32.2,34.6,7.6,10.4,45.4,47.5,31.3,35.0,69.319387453414,76.2854792266557,78.964,1.766553310662132,2026,0,0,6.675000000000003,,65.7,71.6,1.041,1.124,11.322676666667,UMass Lowell,UMass Lowell,barttorvik
Lafayette,100.42841073805,115.39530783429,0.16832244853013,10–21,10,31,49.3,53.6,32.4,30.6,15.3,15.1,25.8,28.6,66.9,50.0,53.4,32.2,36.0,6.4,10.5,55.4,59.0,39.8,38.0,66.813470217522,75.85544925124792,80.4925,1.2800560112022414,2026,0,0,2.0689600000000024,,68.9,74.2,1.029,1.122,9.2443870967742,Lafayette,Lafayette,barttorvik
Tennessee Tech,101.79538870171,117.21088070589,0.16498241103916,10–18,10,28,48.9,51.5,35.5,31.3,19.1,15.1,31.3,30.7,68.3,50.1,50.3,31.1,35.8,7.1,10.8,45.4,50.8,36.5,36.1,67.044474147588,76.57046979865774,78.9345,2.2749450109978,2026,0,0,4.087560000000003,,76.2,73.9,1.029,1.107,9.113725,Tennessee Tech,Tennessee Tech,barttorvik
NJIT,97.295981574027,112.03886190868,0.16485856220144,15–17,15,32,46.7,50.0,33.2,37.9,17.1,16.2,26.2,32.1,67.9,47.5,51.1,30.4,32.3,9.0,9.0,45.7,52.6,40.1,40.7,68.048691827054,76.44316275167787,79.93849999999999,1.0857314148681056,2026,0,0,0.2001600000000028,,70.5,69.7,0.974,1.085,11.068896875,NJIT,NJIT,barttorvik
Cal St. Bakersfield,101.68554792148,117.32436767903,0.16176432979382,6–24,6,30,45.7,54.0,42.2,42.6,18.9,17.9,30.4,35.6,72.6,46.6,53.9,29.0,36.0,13.6,9.1,44.6,54.2,28.9,39.0,70.04102259383,77.44123115058875,80.03400000000002,2.3914782956591334,2026,0,0,0.1999600000000028,,73.8,72.9,0.991,1.148,14.528363333333,Cal St. Bakersfield,Cal State Bakersfield (fuzzy),barttorvik
Loyola MD,103.54038709387,119.475295822,0.16162312296562,10–20,10,30,50.4,54.7,29.9,32.7,15.5,15.3,27.6,29.0,68.1,51.9,58.3,32.6,32.8,9.6,8.3,48.8,55.5,47.2,39.6,68.19776332376,77.14181964898124,79.5345,1.326734653069387,2026,0,0,0.2000400000000028,,71.5,73.0,1.064,1.133,7.8403433333333,Loyola MD,Loyola (MD),barttorvik
Bucknell,98.795997896303,114.07330258754,0.16063408543142,10–23,10,33,48.5,54.7,29.8,35.3,19.0,17.9,27.0,31.3,66.9,50.4,54.1,30.6,37.0,5.9,11.5,54.0,61.8,42.7,45.7,67.052097276681,76.28944150020382,80.70299999999999,1.3215356928614277,2026,0,0,0.2000400000000028,,76.8,75.2,0.995,1.128,11.037806060606,Bucknell,Bucknell,barttorvik
Little Rock,101.0541989597,116.77539593762,0.15938017667261,10–20,10,30,49.4,51.8,27.7,33.1,18.4,18.5,31.5,36.6,67.6,47.9,51.9,35.3,34.4,12.5,5.6,52.2,53.7,31.0,40.3,66.464120407462,78.50582847626978,80.48949999999999,2.388755502200881,2026,0,0,24.55092,,68.0,69.2,1.019,1.097,8.64749,Little Rock,Little Rock,barttorvik
North Florida,106.9059368205,123.76077587586,0.15661765231999,5–25,5,30,52.9,56.3,28.8,31.4,17.9,12.7,25.2,37.6,72.0,53.4,58.7,35.0,35.1,3.5,12.6,50.6,52.2,51.7,39.0,70.504932513746,77.1655172413793,79.45450000000001,1.693,2026,0,0,0.2000000000000028,,77.8,70.3,1.068,1.24,16.393126666667,North Florida,North Florida,barttorvik
New Haven,95.960271931244,111.55228649897,0.15040473494877,11–17,11,28,48.7,51.8,31.7,27.7,17.8,17.1,21.5,26.8,63.5,51.0,52.1,30.2,34.3,6.1,7.7,49.7,48.9,39.8,38.4,63.389018573929,77.26095820591233,80.50099999999999,1.6528694261147776,2026,0,0,0.2000400000000028,,70.2,76.1,0.967,1.061,11.153135714286,New Haven,New Haven,barttorvik
Eastern Illinois,96.689485437979,112.64919512673,0.14717909583789,10–20,10,30,45.7,50.8,33.5,35.3,18.6,19.3,28.2,35.2,66.2,44.9,53.1,31.7,31.7,8.6,11.7,48.7,58.0,29.9,41.2,65.640052898618,76.33246388443018,79.3505,2.1166466586634662,2026,0,0,0.1999200000000028,,74.4,74.4,0.964,1.078,13.054386666667,Eastern Illinois,Eastern Illinois,barttorvik
Norfolk St.,101.17977410175,118.27687026059,0.14240124254221,11–17,11,28,49.3,51.7,43.5,45.3,18.7,18.8,32.5,32.3,69.1,48.4,54.4,34.2,32.0,8.7,10.8,45.9,58.1,30.6,41.6,68.119664022396,76.6515736040609,79.4325,2.4109178164367124,2026,0,0,0.2075600000000028,,68.1,71.3,1.036,1.08,10.166842857143,Norfolk St.,Norfolk State (fuzzy),barttorvik
Jackson St.,100.94095963409,118.20749837616,0.13992462315782,12–21,12,33,45.7,53.0,37.4,41.9,19.4,16.5,29.7,37.2,71.1,44.6,53.5,31.4,34.8,8.1,12.4,45.8,60.9,43.3,39.7,69.577461433782,76.48477315102548,79.74899999999998,1.8668532586965212,2026,0,0,23.16036,,75.8,74.7,0.981,1.17,17.961254545455,Jackson St.,Jackson State (fuzzy),barttorvik
Holy Cross,100.66318264753,117.91482015473,0.13954221381804,9–22,9,31,49.8,54.8,31.5,27.6,15.3,14.1,21.9,27.0,65.8,50.4,57.2,32.5,34.0,4.9,8.3,44.7,50.3,37.3,39.0,65.435573287867,76.60632183908046,78.85,1.4284856971394286,2026,0,0,12.00588,,77.2,74.5,1.032,1.136,9.0230419354839,Holy Cross,Holy Cross,barttorvik
Manhattan,103.56917990847,121.63826312076,0.1359509264591,11–20,11,31,47.9,53.9,34.0,25.7,15.6,16.7,28.6,37.0,68.1,47.8,53.3,32.0,36.6,5.9,10.7,49.6,61.5,37.1,38.0,67.965716295603,75.37659137577002,79.2915,1.8776244751049795,2026,0,0,6.52912,,79.6,73.6,1.05,1.154,8.7594580645161,Manhattan,Manhattan,barttorvik
Niagara,99.862211511565,117.35053700906,0.13519303245745,7–22,7,29,50.5,52.8,26.6,33.8,18.9,16.6,24.8,32.9,63.1,50.5,52.7,33.7,35.3,8.7,9.7,60.0,52.5,40.5,40.4,62.226340364413,76.04572122193,79.6055,2.0057988402319533,2026,0,0,0.2000400000000028,,72.2,77.8,0.999,1.132,9.9852789655172,Niagara,Niagara,barttorvik
UTSA,100.52285612297,118.12762048128,0.13518456708162,3–25,3,28,44.8,53.3,29.5,33.3,17.5,14.7,30.2,38.7,69.6,45.5,53.8,29.2,35.1,11.9,13.1,42.8,56.0,41.3,43.3,68.589444567882,77.7867231638418,79.71949999999998,1.5520895820835832,2026,0,0,23.7166,,69.8,72.0,0.967,1.192,17.071660714286,UTSA,UTSA,barttorvik
Stonehill,91.987471854951,108.39886045387,0.13148413909587,10–21,10,31,46.9,47.8,27.3,30.3,19.4,13.4,27.5,27.1,66.6,46.5,46.7,31.7,33.4,9.9,13.6,51.3,44.0,40.5,32.4,66.38218995861,77.58774259448415,80.1575,2.2339999999999995,2026,0,0,0.2000000000000028,,68.5,68.0,0.949,1.028,8.5304193548387,Stonehill,Stonehill,barttorvik
North Alabama,99.893099782952,117.97321736881,0.12863234757357,7–21,7,28,48.0,55.2,37.6,30.3,17.5,14.5,31.2,32.2,65.6,49.1,56.5,30.7,35.7,11.1,9.9,40.5,55.4,33.7,43.3,64.824290605653,77.6917480773228,79.97800000000001,1.894021195760848,2026,0,0,6.486280000000002,,68.4,75.5,1.026,1.179,10.198832142857,North Alabama,North Alabama,barttorvik
Fairleigh Dickinson,100.57115855435,119.01147897121,0.12607959107055,8–21,8,29,47.1,55.2,32.8,36.3,18.1,16.1,32.0,27.3,64.1,48.6,54.1,30.3,37.8,4.7,9.4,51.0,51.3,45.2,40.5,64.053262691499,77.33066502463053,80.898,2.2465013994402243,2026,0,0,0.6007600000000028,,70.1,71.3,1.011,1.128,11.635565517241,Fairleigh Dickinson,Fairleigh Dickinson,barttorvik
Chicago St.,99.91225747361,118.64915909521,0.12168142823944,6–25,6,31,45.3,56.7,30.0,38.0,15.6,20.1,28.3,35.0,65.8,44.0,60.0,32.1,35.6,4.9,8.7,50.3,72.7,30.9,50.8,65.642198722819,75.65647445105685,78.56350000000002,2.4983999999999997,2026,0,0,2.0971200000000034,,75.0,75.1,0.987,1.159,14.438603225806,Chicago St.,Chicago State (fuzzy),barttorvik
Army,99.689757474305,118.47556266696,0.12074400388889,9–21,9,30,49.3,55.1,26.8,39.6,17.2,15.4,29.6,27.7,67.3,50.7,56.4,32.0,35.6,4.8,11.2,59.0,53.5,53.3,41.7,67.161166702982,75.96579734929458,78.28999999999999,1.3272654530906176,2026,0,0,0.1999600000000028,,71.7,74.8,1.032,1.15,8.9321666666667,Army,Army,barttorvik
Northern Illinois,95.707876689771,113.77923557322,0.12035914501923,7–21,7,28,47.6,55.6,38.3,38.3,21.8,16.3,30.3,30.0,69.0,48.5,56.3,30.9,36.3,5.3,14.5,51.8,53.9,45.0,37.7,67.48266487309,76.53672199170124,79.2805,0.7912417516496697,2026,0,0,1.1318800000000029,,65.7,73.3,0.961,1.143,15.16815,Northern Illinois,Northern Illinois,barttorvik
Air Force,95.903666329514,114.02316026105,0.12023995485328,3–29,3,32,48.9,56.4,35.1,36.6,21.9,15.1,21.4,31.3,67.4,51.1,56.3,30.6,37.6,6.8,11.9,55.9,54.2,41.8,38.8,66.307107575322,78.2230560767146,81.10549999999999,0.7299459891978393,2026,0,0,0.1999600000000028,,64.1,72.7,0.913,1.185,20.693584375,Air Force,Air Force,barttorvik
Alcorn St.,97.232234993129,115.68500379656,0.11937729122347,9–23,9,32,47.7,55.0,31.8,39.4,19.6,18.1,26.9,35.5,69.5,46.5,58.0,33.3,33.0,9.1,11.1,46.6,55.7,33.7,35.1,67.946784003315,76.1951964176674,78.786,1.995600879824036,2026,0,0,1.7258000000000029,,70.8,72.7,0.96,1.151,16.376075,Alcorn St.,Alcorn State (fuzzy),barttorvik
Canisius,95.563182960914,113.98550150842,0.11637019600936,9–21,9,30,46.3,52.2,31.4,35.2,19.6,16.0,29.3,29.8,64.3,44.0,54.3,33.3,33.0,8.5,9.7,55.4,56.5,39.5,44.0,64.059256513077,77.29267799352753,80.7175,1.7845569113822766,2026,0,0,3.3302000000000027,,71.9,72.9,0.963,1.105,8.0162466666667,Canisius,Canisius,barttorvik
Southern Indiana,95.949329345387,114.59134614597,0.11487862632442,5–23,5,28,43.7,49.4,37.2,36.2,17.2,16.4,31.4,33.8,68.5,43.0,48.7,29.9,34.1,9.7,14.1,43.0,40.3,39.7,27.1,67.720766084671,76.45668290616393,79.65650000000001,2.4102,2026,0,0,3.1216400000000037,,66.6,72.9,0.971,1.076,6.6448107142857,Southern Indiana,Southern Indiana,barttorvik
The Citadel,99.999810343354,120.64339541699,0.10356617138928,8–22,8,30,49.5,57.5,30.0,33.3,16.3,14.7,27.9,31.5,64.8,51.0,59.6,32.0,36.6,7.8,10.7,50.6,52.2,47.8,44.1,64.180516238544,76.89991659716428,78.832,2.0082,2026,0,0,0.2000000000000029,,66.5,68.7,1.034,1.194,8.1509966666667,The Citadel,The Citadel,barttorvik
Louisiana Monroe,101.11315976953,122.3049509352,0.10081621287875,2–28,2,30,47.8,57.1,38.8,27.7,16.9,15.7,25.1,35.4,70.7,47.4,58.4,32.2,36.9,8.7,11.7,50.2,58.1,41.9,42.3,70.250811645648,76.49653485527924,78.825,1.3391321735652868,2026,0,0,0.2000400000000028,,72.7,69.7,1.006,1.197,11.867963333333,Louisiana Monroe,ULM,barttorvik
Maine,92.254201812305,111.85853344394,0.098331526827599,7–24,7,31,49.6,50.6,38.4,33.9,19.1,19.4,19.7,34.3,64.9,51.2,54.5,31.2,29.3,9.1,9.0,54.4,52.4,37.0,36.8,64.74655975689,77.08351736599074,80.34150000000001,1.8412317536492695,2026,0,0,5.372840000000002,,64.3,68.9,0.943,1.056,7.7953774193548,Maine,Maine,barttorvik
New Hampshire,95.573423994897,116.23657860419,0.095269521282919,7–21,7,28,46.7,53.4,28.5,35.8,16.5,15.8,25.7,26.9,67.2,47.4,54.6,30.5,34.3,5.6,11.3,44.3,48.0,43.1,36.9,67.386106406311,76.05346169602623,79.23500000000001,1.3621448579431772,2026,0,0,5.4136000000000015,,65.1,75.5,0.967,1.108,12.920410714286,New Hampshire,New Hampshire,barttorvik
Saint Francis,100.54945689674,122.46099093261,0.093881013302059,5–24,5,29,48.9,58.9,30.8,38.3,18.4,18.4,27.5,33.1,70.0,47.5,60.1,34.2,38.1,4.9,10.8,51.6,56.3,37.8,40.9,69.987191038779,76.78885031652031,78.8985,2.3519999999999994,2026,0,0,0.2000000000000028,,69.5,71.5,0.996,1.182,12.555082758621,Saint Francis,San Francisco (fuzzy),barttorvik
North Carolina Central,100.18350587532,122.9812317517,0.086445867582708,10–18,10,28,47.5,54.5,39.3,36.9,18.1,19.9,30.0,39.4,66.7,46.7,54.5,32.6,36.4,10.0,12.4,52.7,58.2,33.9,40.6,65.74768577162,75.87426284751474,78.626,2.5518896220755845,2026,0,0,0.2000400000000028,,73.8,71.6,1.01,1.155,14.171167857143,North Carolina Central,North Carolina Central,barttorvik
Morgan St.,98.827518394526,121.58453682884,0.084463742554256,11–16,11,27,45.8,51.7,42.7,50.9,17.8,16.5,30.7,35.2,70.7,44.9,53.7,31.7,31.5,8.5,10.4,52.2,56.4,35.2,31.9,70.463339515338,76.17071164129987,79.70100000000001,2.5916899720335604,2026,0,0,0.2002400000000028,,74.3,70.3,1.01,1.127,7.8844407407407,Morgan St.,Morgan State (fuzzy),barttorvik
South Carolina St.,95.413877263771,117.38578963979,0.084456520919109,8–22,8,30,46.8,53.9,41.1,51.9,20.8,18.8,31.4,37.6,70.3,44.8,56.3,34.0,33.5,11.3,9.6,52.6,57.9,33.3,38.9,68.846556787377,77.97093495934959,81.2385,1.5653999999999997,2026,0,0,0.2000000000000028,,66.8,73.2,0.96,1.147,12.112903333333,South Carolina St.,South Carolina State (fuzzy),barttorvik
Bryant,96.709275309995,120.14642758817,0.076172701717284,7–22,7,29,46.9,52.7,29.4,33.5,20.2,14.6,27.7,31.0,64.4,48.7,51.8,30.0,36.3,10.7,8.7,53.1,51.3,47.9,35.8,64.236360395246,79.24176268445522,81.64500000000001,1.1635672865426918,2026,0,0,17.22868,,76.0,71.1,0.966,1.124,10.708179310345,Bryant,Bryant,barttorvik
Binghamton,98.401075885591,123.04147368851,0.071100771654773,5–23,5,28,50.0,54.3,41.5,34.6,18.8,13.3,20.9,29.4,65.1,50.6,54.7,32.5,35.8,8.0,8.8,48.7,48.8,30.9,39.2,65.522130106833,76.30296311227576,79.4825,2.282343531293741,2026,0,0,2.937640000000002,,75.3,69.4,1.004,1.153,6.6485892857143,Binghamton,Binghamton,barttorvik
Maryland Eastern Shore,93.134065337422,116.46331415891,0.07105023409825,7–23,7,30,47.8,50.7,29.5,43.0,23.8,17.9,32.4,33.6,64.5,49.9,51.1,29.0,33.5,7.8,8.6,56.5,56.1,33.5,39.7,63.269970425442,77.33394532843737,80.37449999999998,2.475,2026,0,0,0.2000000000000028,,71.5,74.3,0.948,1.087,14.516766666667,Maryland Eastern Shore,Maryland Eastern Shore,barttorvik
Rider,96.314517717779,120.59099738214,0.070107835769227,3–25,3,28,42.8,55.2,30.1,32.5,16.9,15.3,32.6,32.8,65.7,43.3,54.0,27.7,37.9,9.3,8.3,44.3,54.4,27.5,39.9,65.67265806819,77.67835303709741,80.41950000000001,1.7553999999999998,2026,0,0,13.211200000000003,,70.1,71.4,0.954,1.169,15.287132142857,Rider,Rider,barttorvik
UMKC,93.201080627261,117.49577546697,0.065137732218657,1–27,1,28,45.7,56.3,29.2,31.4,18.2,16.4,26.4,35.9,71.4,47.6,56.2,28.4,37.6,8.2,9.4,46.2,52.4,36.8,39.0,69.732613542171,76.9515996718622,80.2405,2.2628000000000004,2026,0,0,0.7421600000000028,,66.2,70.2,0.934,1.181,14.883303571429,UMKC,UMBC (fuzzy),barttorvik
VMI,98.748410935708,124.50915096884,0.065025188104114,3–26,3,29,47.6,57.0,30.6,34.6,15.3,15.7,25.6,37.2,67.6,47.9,58.9,31.5,36.5,6.4,10.5,50.7,62.3,53.6,46.5,66.828375715499,76.62446220036878,78.5425,1.286657331466293,2026,0,0,0.1999600000000028,,72.2,73.0,1.014,1.231,9.1915172413793,VMI,VMI,barttorvik
Gardner Webb,95.419048530649,122.10129478399,0.055431158790065,2–28,2,30,47.8,56.9,30.3,35.2,19.8,15.3,23.2,36.6,70.8,48.6,59.0,31.0,36.0,6.6,10.4,41.0,55.3,39.8,41.0,69.597520860448,76.02762317048031,79.231,1.3324670131947225,2026,0,0,5.733480000000002,,68.5,72.6,0.935,1.224,14.838273333333,Gardner Webb,Gardner-Webb (fuzzy),barttorvik
Delaware St.,88.356049265047,114.47851013603,0.048400079659715,5–22,5,27,42.9,52.9,34.1,40.5,19.9,19.5,27.7,32.0,66.0,43.1,54.8,28.4,33.0,5.2,11.0,45.8,55.5,28.9,34.7,65.490686032715,76.00020052135554,80.1155,2.0202040408081614,2026,0,0,0.1999600000000028,,68.9,71.0,0.895,1.071,9.0642222222222,Delaware St.,Delaware State (fuzzy),barttorvik
Coppin St.,91.706194901492,119.46841482297,0.045593955115912,6–24,6,30,45.9,55.4,38.5,42.9,22.3,17.5,30.4,34.8,69.1,45.8,53.9,30.7,38.3,10.9,12.0,51.5,62.5,35.2,43.2,68.569056391516,77.57719475277497,80.3355,2.0905818836232752,2026,0,0,3.476120000000003,,67.2,74.3,0.927,1.169,12.130473333333,Coppin St.,Coppin State (fuzzy),barttorvik
Mississippi Valley St.,91.119484299419,120.93576966424,0.037129360304866,2–30,2,32,45.2,55.5,33.9,50.8,21.9,17.1,26.4,35.5,69.7,45.6,55.3,29.5,37.2,7.9,9.0,52.9,59.5,30.2,42.5,67.198428163104,76.75670145283405,80.5525,2.19876148621654,2026,0,0,0.2002400000000028,,71.6,75.0,0.901,1.193,12.348028125,Mississippi Valley St.,Mississippi Valley State (fuzzy),barttorvik
Western Illinois,92.838700143062,123.39522339524,0.036541477433411,2–26,2,28,44.5,54.2,37.7,34.8,17.5,14.9,27.0,34.8,67.3,43.5,54.6,30.9,35.6,5.2,11.1,37.0,49.9,33.3,34.6,66.479429657275,77.11486208316181,79.01899999999999,2.058964621227264,2026,0,0,0.2001200000000028,,66.2,70.5,0.935,1.161,7.7846857142857,Western Illinois,Western Illinois,barttorvik
