Team,Adj OE,Adj DE,Barthag,Record,Wins,Games,eFG,eFG D.,FT Rate,FT Rate D,TOV%,TOV% D,O Reb%,Op OReb%,Raw T,2P %,2P % D.,3P %,3P % D.,Blk %,Blked %,Ast %,Op Ast %,3P Rate,3P Rate D,Adj. T,Avg Hgt.,Eff. Hgt.,Exp.,Year,PAKE,PASE,Talent,,FT%,Op. FT%,PPP Off.,PPP Def.,Elite SOS
Arizona,128.02813986862,91.877144566163,0.97845170015439,35–2,35,37,55.2,45.0,44.5,27.4,15.1,16.3,38.5,26.6,71.4,55.3,44.2,36.8,30.9,11.2,8.5,54.8,49.3,26.4,37.6,69.98804556508,79.00975913621264,81.872,1.3997999999999995,2026,0,0,73.7064,,73.1,71.7,1.211,0.963,38.114735135135
Michigan,128.84074436644,92.485892857529,0.97838448228655,33–3,33,36,58.7,45.2,37.7,26.2,16.5,15.3,35.0,27.1,71.3,61.5,44.5,36.6,30.8,16.5,9.0,61.1,47.3,41.7,42.2,71.0630501979,78.65553494124924,82.70450000000001,1.952,2026,0,0,70.27396,,74.7,74.4,1.222,0.972,40.632561111111
Duke,127.16579971421,91.7244074206,0.97718119680487,34–2,34,36,56.6,45.9,37.9,23.0,15.9,17.7,38.3,24.9,67.0,60.3,46.0,34.6,30.5,10.3,9.3,59.0,51.7,44.3,45.2,65.884715063416,79.37824675324674,81.3585,0.8438312337532494,2026,0,0,91.18896,,73.2,71.6,1.223,0.941,36.301455555556
Florida,126.86818153641,93.290375192343,0.9716801616091,27–8,27,35,54.1,46.1,39.0,34.0,16.3,15.3,43.3,24.8,72.0,58.5,45.1,31.2,32.1,12.4,7.0,55.0,44.6,37.0,34.1,70.155800420891,78.88609715242882,83.075,1.9245999999999996,2026,0,0,41.65819999999999,,71.2,72.8,1.209,0.993,38.463082857143
Houston,124.77834635084,91.866994065105,0.97128685673679,30–7,30,37,51.9,46.2,26.3,38.7,12.8,20.6,35.7,30.3,64.8,51.7,45.3,34.7,31.6,12.5,6.4,52.6,53.5,40.7,41.5,63.235115257712,77.84604462474644,80.76749999999998,1.5530000000000004,2026,0,0,81.96755999999999,,77.3,69.5,1.183,0.959,36.713056756757
Illinois,132.46036822501,97.723929467903,0.97061871787511,27–8,27,35,55.2,47.3,32.9,19.2,13.1,11.6,39.1,26.8,66.0,57.8,48.1,35.1,30.9,12.6,8.3,51.0,51.4,50.3,42.7,65.598380260986,79.97597660330061,83.2175,1.552621048419367,2026,0,0,63.36879999999999,,77.8,72.8,1.257,1.03,38.625237142857
Iowa St.,124.2140375403,92.944627680793,0.9656110602671,29–7,29,36,56.5,49.6,34.3,28.1,14.9,22.5,35.5,28.0,68.5,55.6,50.8,38.7,32.0,8.6,9.9,58.7,54.3,38.8,42.7,67.23826833426,78.03098707161911,81.38299999999998,1.9328000000000003,2026,0,0,50.88844,,67.7,71.4,1.205,0.954,34.381561111111
Purdue,133.65572366071,100.9324895944,0.96192494300429,30–8,30,38,58.0,52.4,28.8,25.2,13.6,15.5,36.5,27.0,65.2,58.3,53.3,38.4,34.1,8.8,6.5,65.8,57.2,40.3,44.3,64.409481278131,77.57798165137615,82.08850000000001,2.0253999999999994,2026,0,0,59.36592,,74.9,71.7,1.255,1.075,40.6155
Connecticut,123.3915086392,95.37256159253,0.95083089776932,31–5,31,36,55.3,45.8,30.2,40.6,16.9,18.0,36.2,28.2,65.9,57.5,45.7,34.7,30.7,15.0,9.5,65.2,49.6,40.5,36.3,64.687843849767,78.28839028406753,81.36049999999999,2.0025994801039797,2026,0,0,84.2472,,72.2,71.9,1.167,0.98,33.488227777778
St. John's,120.42382318895,93.464153475031,0.9485611792056,30–6,30,36,50.9,47.2,41.0,31.5,14.6,19.2,35.5,29.7,70.7,51.5,47.4,33.2,31.2,12.3,9.9,57.7,46.7,34.7,33.3,69.547517787444,78.15736040609139,80.48850000000002,2.3036000000000003,2026,0,0,70.09376,,72.4,71.3,1.142,0.977,31.844363888889
Michigan St.,123.6446101068,96.169588711381,0.94734636715833,27–7,27,34,54.1,48.7,36.0,30.2,17.2,14.9,37.9,22.5,67.0,53.7,48.4,36.5,32.7,13.7,8.0,67.9,56.5,36.7,46.3,66.174749323353,78.48417657730296,81.6705,1.821,2026,0,0,68.69040000000001,,76.5,74.7,1.175,1.014,37.586837058824
Tennessee,122.16116513947,95.261569152755,0.94584453927496,24–11,24,35,51.9,47.5,38.3,35.3,17.3,16.2,44.8,28.0,67.2,52.3,49.0,34.0,30.5,11.4,9.4,60.3,45.3,31.9,44.9,65.259632505772,78.43863179074447,82.2905,1.4745050989802038,2026,0,0,59.819120000000005,,69.6,70.2,1.169,1.017,38.429802857143
Alabama,130.34647211069,102.288612829,0.94200062921619,25–9,25,34,55.5,48.9,36.5,32.1,13.2,12.8,32.6,32.7,74.3,57.2,48.2,36.1,33.3,11.4,12.1,54.2,46.4,53.9,35.2,73.010255723664,77.96537807986405,81.12950000000001,1.5218000000000005,2026,0,0,73.36823999999999,,76.4,70.0,1.224,1.103,40.591485294118
Vanderbilt,127.85883606677,100.35896053471,0.94185955666067,27–9,27,36,55.3,49.0,38.1,39.5,13.5,17.7,31.2,31.5,70.4,56.9,49.0,35.6,32.6,12.4,7.4,56.4,46.9,44.2,37.9,68.771360890843,77.2409762100082,79.9015,2.307138572285542,2026,0,0,35.422560000000004,,78.9,75.4,1.209,1.057,37.234091666667
Gonzaga,119.51214040175,94.703467441765,0.93557589871371,31–4,31,35,55.6,46.3,31.0,30.9,13.6,20.0,34.8,25.7,70.2,58.2,46.6,33.3,30.6,11.1,6.0,57.5,52.8,30.8,42.8,68.706517278021,77.91192549099007,80.52649999999998,2.0986197239447884,2026,0,0,37.00852,,70.7,71.5,1.197,0.94,24.386768571429
Texas Tech,126.00238356151,99.970947349855,0.93470673136374,23–11,23,34,56.1,49.7,27.7,31.4,15.8,14.8,33.2,30.6,67.9,53.9,50.5,39.1,32.1,9.7,7.7,55.0,43.1,47.6,35.9,66.184686244867,76.99436090225565,79.46300000000001,1.5874825034993,2026,0,0,41.74128,,71.5,69.8,1.178,1.072,39.875317647059
Nebraska,118.32630221787,93.930258083447,0.93433539097374,28–7,28,35,55.5,48.1,26.2,25.1,14.4,18.9,26.7,27.4,66.8,58.0,50.5,35.5,30.5,8.7,9.2,65.9,61.1,51.1,50.2,66.524662828905,77.65925155925156,80.7075,2.254,2026,0,0,42.65583999999998,,75.5,72.8,1.144,0.983,36.243410285714
Virginia,122.67530505481,97.630825503903,0.93251623967014,30–6,30,36,54.6,45.7,32.3,32.9,16.0,15.4,37.9,29.2,66.4,54.9,44.8,36.2,31.6,17.4,10.0,58.3,50.9,46.7,37.8,65.640751839459,78.0664739884393,82.11699999999999,1.7270545890821842,2026,0,0,53.710600000000014,,72.8,76.0,1.19,1.018,30.334219444444
Louisville,123.64228253814,98.752932230396,0.92988160079222,24–11,24,35,56.5,48.7,33.1,33.0,16.8,16.7,32.8,27.5,71.0,59.4,48.9,36.0,32.3,9.1,12.5,59.6,49.3,52.9,39.5,69.696700574833,78.22128514056224,81.619,2.2229108356657337,2026,0,0,38.46208,,76.1,71.6,1.187,1.022,34.96724
Arkansas,128.44675417873,102.72262766818,0.92890856109495,28–9,28,37,56.4,51.8,35.9,31.2,12.2,15.6,32.0,30.9,72.9,56.0,54.4,38.2,31.8,13.0,6.4,53.1,49.9,33.0,38.1,71.319114891624,78.51047658175843,81.43400000000001,1.4563999999999997,2026,0,0,81.01164,,75.1,72.2,1.222,1.098,38.192581081081
Wisconsin,126.95666302698,102.01056495938,0.92524539455216,24–11,24,35,54.5,51.4,31.5,29.8,12.8,14.3,29.1,28.2,69.0,54.7,52.2,36.2,33.4,8.6,12.5,57.3,50.8,52.1,40.6,68.789962399855,78.86816326530611,82.48299999999999,1.874225154969006,2026,0,0,38.62708000000001,,78.8,72.8,1.186,1.088,37.652250285714
Kansas,117.09625092375,94.122788746421,0.92494788809129,24–11,24,35,51.2,45.0,32.2,27.4,15.6,13.8,29.2,29.9,68.3,50.9,44.4,34.6,30.6,15.6,8.1,52.3,47.3,35.2,41.8,67.694073892079,78.15892116182573,80.74600000000001,1.614800000000001,2026,0,0,57.87476,,76.7,68.6,1.092,1.003,41.097262857143
Iowa,124.67929573277,101.05643580699,0.91802085811822,24–12,24,36,56.5,52.7,35.2,38.5,15.1,20.4,30.3,28.4,63.0,58.9,54.1,35.6,33.7,6.4,8.5,57.5,52.7,42.4,40.3,62.64339872818,78.40439515300885,80.60950000000001,1.7761552310462083,2026,0,0,14.31728,,76.7,73.3,1.186,1.046,37.622558333333
Ohio St.,124.60619461805,101.68141642232,0.91198435784447,21–13,21,34,56.2,50.2,37.2,34.7,15.3,15.6,30.4,30.0,66.4,58.0,51.9,35.7,31.9,7.0,8.9,52.6,53.3,40.1,40.3,66.094944832511,77.6608784473953,81.615,1.7796440711857628,2026,0,0,69.08807999999999,,77.7,74.1,1.181,1.081,37.678284117647
UCLA,123.96456966242,101.50785339438,0.90874325635035,24–12,24,36,53.4,50.4,33.1,34.4,13.4,18.5,31.0,33.3,65.7,51.4,52.3,37.9,32.0,9.8,8.1,59.2,63.3,35.5,44.8,64.836623255476,77.97512038523274,81.3025,2.233306677329068,2026,0,0,70.71795999999999,,76.3,74.7,1.16,1.069,36.903796111111
Utah St.,123.7331511691,102.57174989233,0.89632052461505,28–7,28,35,56.3,49.7,38.8,39.2,15.1,20.3,32.7,32.8,68.2,59.6,48.2,34.3,34.5,8.7,9.8,59.9,49.5,40.8,40.8,67.46753422611,77.6946704637917,80.96149999999999,2.1828,2026,0,0,26.56776,,71.0,72.6,1.189,1.04,25.59304
North Carolina,120.69817396148,100.1467547335,0.89534575308624,24–9,24,33,54.3,48.3,37.1,23.8,13.9,13.6,31.2,27.8,68.8,56.5,46.2,34.2,34.7,8.5,9.1,57.2,47.8,42.2,37.0,67.972175412369,79.14378818737269,82.73500000000001,1.5290116046418565,2026,0,0,64.01024000000001,,68.2,70.0,1.155,1.038,32.389042424242
Saint Mary's,117.98115352847,98.106112148831,0.89297203395384,26–6,26,32,52.8,46.8,35.5,25.7,16.8,15.2,37.5,23.9,66.2,49.8,46.7,38.7,31.3,9.7,8.8,57.8,53.1,36.4,37.0,65.028843413366,78.71173002642814,82.365,1.343737494997999,2026,0,0,36.90832,,80.3,72.2,1.16,0.986,22.516090625
Kentucky,119.96903032242,100.14373164369,0.88866852800673,22–14,22,36,53.3,48.9,37.4,36.4,15.4,15.5,33.2,30.0,69.7,54.7,49.7,34.2,31.8,12.7,8.5,56.9,55.4,39.7,39.9,68.281969184641,78.76811007689193,81.86349999999999,1.5920815836832634,2026,0,0,85.07024000000001,,72.7,73.3,1.152,1.063,41.67675
Santa Clara,125.03732478167,104.71944586494,0.88485848602968,25–9,25,34,54.4,52.0,25.5,38.2,15.4,19.9,36.4,32.1,69.5,56.1,53.5,34.9,33.1,10.5,9.0,55.0,60.4,45.0,38.4,69.2021293983,78.35155155155157,81.8175,1.4340263894442224,2026,0,0,19.878920000000004,,74.4,73.5,1.189,1.054,23.869735294118
Cincinnati,112.45034207888,94.189714919943,0.88470991439159,18–15,18,33,50.5,47.3,29.4,30.0,17.0,18.2,30.6,27.3,69.2,50.2,47.9,33.9,31.0,12.1,6.8,63.7,54.5,43.8,39.9,67.707703133447,78.5142798857609,83.3025,2.003798480607756,2026,0,0,61.916,,68.1,71.1,1.053,0.973,32.028318181818
Indiana,121.990365479,102.18606856149,0.88464654521157,18–14,18,32,56.1,49.0,35.0,37.0,15.1,15.1,26.9,29.3,66.6,60.3,48.6,34.7,33.1,7.4,10.1,62.5,49.0,50.5,36.8,66.261907390854,78.06789623023916,80.387,2.6379275855171023,2026,0,0,24.054080000000003,,78.0,75.8,1.16,1.071,35.81038
Miami FL,120.88832730908,101.3660158905,0.88344720270898,26–9,26,35,55.3,51.7,37.1,29.5,16.2,18.2,37.2,25.9,69.2,56.7,50.4,34.9,35.8,9.8,10.2,54.4,55.2,31.9,40.9,67.95567331295,78.41406407414871,81.5005,1.6822635472905407,2026,0,0,81.17179999999999,,68.3,71.2,1.179,1.03,29.641668571429
Villanova,119.9128391515,101.07843557761,0.87707152152248,24–9,24,33,53.8,51.4,30.9,30.0,15.0,18.6,32.2,31.8,66.5,54.0,52.2,35.7,33.4,5.9,7.3,56.8,54.2,45.7,36.8,65.06089847094,77.55295541658259,80.68699999999998,1.5483096619323868,2026,0,0,63.61987999999999,,68.9,72.1,1.147,1.059,30.818041212121
BYU,124.19358190264,104.70225200264,0.87688856051418,23–12,23,35,54.4,51.2,34.4,28.9,15.2,16.4,34.3,29.6,70.3,56.2,50.1,34.5,35.3,11.8,8.1,45.0,54.0,39.8,39.0,69.752610555444,78.10541427399508,80.913,1.4525810324129649,2026,0,0,49.15644,,74.7,70.6,1.183,1.068,37.663654285714
Clemson,116.73033609883,98.447823232138,0.87641464268592,24–11,24,35,52.6,48.8,36.7,33.9,14.0,17.4,28.1,26.3,65.1,53.6,49.0,34.1,32.4,9.1,10.1,50.3,46.0,43.1,43.2,64.099502556247,77.94634146341464,81.52699999999999,2.3462614954018397,2026,0,0,43.97928000000001,,72.5,74.8,1.124,1.017,31.156374285714
Oklahoma,125.61227459348,106.17476277049,0.87361485443343,19–15,19,34,55.1,51.2,35.9,34.0,14.4,15.3,33.6,33.0,68.4,55.0,51.1,36.8,34.2,10.4,10.0,50.2,50.7,43.8,39.7,66.24914196957,77.37487477459426,81.4455,2.249999999999999,2026,0,0,54.22539999999999,,74.5,74.5,1.201,1.119,34.839547058824
Texas,124.17219264876,105.16896120249,0.87103734412476,20–15,20,35,54.1,50.8,44.2,39.6,15.0,13.0,35.4,26.9,68.1,54.8,50.1,35.1,34.7,7.5,10.0,43.7,46.0,35.8,33.0,66.711084501892,78.11178738080747,81.411,2.2322464492898573,2026,0,0,56.5538,,74.4,74.4,1.19,1.109,39.0775
Texas A&M,119.53608529458,101.35739881895,0.86956321740327,22–12,22,34,53.8,50.7,37.1,35.3,14.7,18.4,32.0,33.0,72.0,53.8,52.9,35.9,31.8,8.5,11.7,61.2,55.7,46.2,41.8,70.701558739725,77.01468155500412,80.1935,2.494002399040384,2026,0,0,29.69608,,73.8,74.4,1.171,1.073,33.997276470588
Saint Louis,120.45892181816,102.36932297012,0.86660858750574,28–6,28,34,59.7,45.2,33.7,37.1,17.2,15.9,30.7,27.2,72.1,59.5,45.1,39.9,30.3,9.5,11.2,60.4,51.4,45.1,41.9,71.015975739178,77.53099173553719,80.10799999999999,1.9386000000000003,2026,0,0,21.95476,,74.1,72.8,1.199,0.992,18.695544117647
N.C. State,122.98916676809,104.70972000929,0.86417403141212,20–14,20,34,55.0,52.7,35.1,36.9,13.1,18.2,28.2,30.5,69.5,52.6,52.2,38.8,35.5,10.7,9.4,54.6,49.3,43.4,44.9,69.097038979703,77.76273983907572,79.309,2.1878,2026,0,0,63.17944,,76.8,69.9,1.184,1.086,31.981208823529
Georgia,123.90370996496,105.51312972859,0.86385651746765,22–11,22,33,54.2,50.6,36.9,30.2,14.3,18.4,34.9,34.9,73.7,57.0,50.7,33.8,33.6,14.9,9.8,48.1,48.1,44.3,37.6,72.20144639101,77.40285026093937,81.49899999999998,1.5524,2026,0,0,60.92304,,75.0,71.9,1.197,1.069,32.566378787879
Auburn,124.83383184091,106.80930996732,0.85733038058589,20–16,20,36,52.5,53.8,43.9,34.4,14.5,16.0,37.3,31.0,69.0,53.8,52.7,33.7,37.0,11.7,12.6,46.8,52.0,40.3,39.9,67.418270665201,78.22536095417452,80.51,1.4461999999999997,2026,0,0,46.118480000000005,,74.4,74.1,1.188,1.135,39.321055555556
San Diego St.,112.59667909936,96.690425718425,0.85213245884825,21–11,21,32,52.7,48.2,39.0,38.5,17.2,20.3,29.5,31.1,69.2,53.2,46.2,34.5,33.6,15.3,6.2,54.4,58.2,33.8,47.3,68.652300537552,78.20193081255027,80.89,1.759599999999999,2026,0,0,51.65988,,73.0,73.2,1.088,1.01,27.376940625
Missouri,119.82717042442,103.47011481623,0.84393827793821,20–13,20,33,55.0,51.5,42.1,35.5,17.8,16.5,34.9,31.7,68.3,56.4,48.7,35.0,36.8,10.6,9.7,51.2,52.5,36.4,43.0,66.428104052113,79.29007944591565,82.81299999999999,2.285857171434287,2026,0,0,66.47455999999998,,69.1,74.0,1.151,1.097,34.301224242424
VCU,118.45888611744,102.36670764041,0.8427787872844,28–8,28,36,53.6,49.0,42.0,32.8,15.1,17.0,31.6,30.0,69.2,53.0,48.7,36.3,33.0,11.2,9.0,51.9,50.8,43.8,35.1,68.644286696796,77.72470876762722,80.8905,1.7043182726909234,2026,0,0,20.849360000000004,,73.6,70.7,1.164,1.033,22.309219444444
Baylor,123.92043823243,107.26188756967,0.84026658322561,15–16,15,31,53.8,52.5,34.8,30.2,16.5,16.1,37.5,32.2,69.6,55.2,52.2,34.5,35.5,9.7,8.8,53.3,48.3,39.6,34.7,67.879650458198,77.28412537917086,79.76549999999997,1.846,2026,0,0,49.102880000000006,,73.3,75.2,1.167,1.116,36.734167741935
SMU,122.76156900363,106.36104718631,0.83877652759676,20–14,20,34,55.6,51.6,30.4,32.1,15.7,16.8,35.4,31.6,70.6,55.6,52.0,37.1,34.1,11.0,7.5,54.9,60.9,35.9,47.7,68.519795292862,78.1366484738225,82.09299999999999,2.034206841368273,2026,0,0,44.10756,,74.3,71.7,1.182,1.096,30.568611764706
New Mexico,117.75106209231,102.05632165155,0.83822106559067,25–10,25,35,53.9,49.5,36.1,33.4,14.9,19.0,30.5,27.6,70.7,53.7,53.3,36.2,30.2,9.3,8.9,52.7,54.4,41.7,48.0,69.899965483973,77.16601280198225,80.96950000000001,1.4681872749099636,2026,0,0,10.857440000000002,,72.7,73.4,1.148,1.012,22.366568571429
TCU,114.66526009438,99.397609989275,0.83797313404295,23–12,23,35,50.4,51.2,37.5,30.5,15.3,19.6,34.0,29.1,69.4,50.8,51.8,33.2,33.5,12.6,9.8,57.3,61.4,36.8,38.3,67.547805037875,76.42110762800418,79.20450000000001,1.8091999999999997,2026,0,0,50.46776,,70.4,72.8,1.102,1.027,35.048008571429
South Florida,116.95637838745,101.39770575795,0.83775681448227,24–9,24,33,50.6,48.8,40.4,39.1,15.1,19.1,38.1,31.9,73.0,52.0,46.9,32.5,34.5,10.9,13.1,58.4,51.6,43.8,39.7,71.418038780005,77.05755541997154,79.729,2.2482496499299858,2026,0,0,30.61188,,74.6,69.6,1.166,1.029,19.773
Florida St.,119.39282447857,104.5498660645,0.82152033467398,18–15,18,33,52.3,52.2,34.7,32.7,15.2,19.0,30.8,34.1,71.8,55.1,52.5,33.1,34.6,11.6,12.8,52.5,55.7,50.6,44.9,70.690351992921,78.3144948160195,80.7565,2.12382476495299,2026,0,0,26.706000000000007,,71.3,70.9,1.119,1.085,32.064848484848
Boise St.,118.36859732005,103.86159394244,0.81810471551647,19–11,19,30,52.2,52.7,42.7,32.1,16.9,14.5,33.2,23.6,66.6,52.7,53.3,34.3,34.4,5.9,9.8,49.5,45.1,43.1,36.8,65.776710537048,78.86479852730619,81.0515,2.022395520895821,2026,0,0,31.9852,,78.7,71.0,1.134,1.072,25.425383333333
Washington,116.81621178006,102.51397040067,0.81786243624188,16–17,16,33,51.2,50.2,30.1,31.0,15.3,14.3,34.6,28.5,67.9,53.4,50.0,31.5,33.6,11.2,8.7,49.4,49.1,34.6,38.2,67.106216847987,77.84050939963615,82.0695,1.3417949230461717,2026,0,0,72.9172,,76.4,72.3,1.122,1.071,34.782012121212
Grand Canyon,111.4912337727,97.872545673464,0.8173086549478,20–12,20,32,51.7,47.4,39.5,39.0,17.6,17.3,31.3,25.3,69.0,54.2,47.2,31.8,31.9,10.5,7.9,49.6,50.1,38.9,38.2,68.061216281272,78.53414387031407,82.1965,2.31886377275455,2026,0,0,43.8542,,75.3,73.2,1.092,0.991,21.835753125
Minnesota,116.10892991436,102.44358471695,0.80845314858964,15–17,15,32,54.2,51.9,35.9,27.3,16.6,17.1,27.2,29.8,63.0,56.0,51.7,34.8,34.7,8.2,12.0,72.0,61.4,47.1,41.7,62.711108539862,77.842830693273,79.777,1.969,2026,0,0,17.44336,,70.0,72.7,1.099,1.075,33.91406125
Virginia Tech,117.61027035487,103.77137668652,0.80839907424927,19–13,19,32,52.2,50.8,34.0,28.8,14.9,17.2,31.9,32.6,67.9,51.5,54.1,35.5,30.6,8.7,9.3,52.4,47.0,39.7,39.6,67.24129732379,77.89095690875988,81.08949999999999,1.435687137427486,2026,0,0,57.92464,,74.3,74.3,1.128,1.072,29.811925
Seton Hall,109.29117823131,96.511677643967,0.80690819890058,21–12,21,33,47.6,47.3,35.3,42.1,16.7,21.5,35.6,31.9,66.5,48.3,46.3,30.5,32.4,18.7,8.7,51.6,58.3,26.8,42.2,65.194565211038,76.2787018255578,79.80850000000001,2.012597480503899,2026,0,0,26.00856000000001,,72.3,71.2,1.058,0.983,28.528287878788
UCF,119.48140021437,105.71841850043,0.80335366663774,21–12,21,33,52.6,52.1,30.5,34.9,16.0,15.7,35.0,28.8,70.6,51.7,52.9,36.2,33.9,8.1,9.4,53.7,51.0,34.8,39.4,69.276525600009,78.63966017405718,82.0245,2.430913817236553,2026,0,0,42.09704000000001,,72.9,74.2,1.133,1.101,33.835854545455
Tulsa,120.93465765351,107.56654838406,0.79365800793987,27–7,27,34,55.7,49.7,41.4,31.9,15.4,15.4,33.0,28.8,68.7,53.4,50.2,38.9,32.6,6.3,9.9,55.5,48.5,46.6,40.0,67.915793464383,77.62439710610933,80.4,2.0691999999999995,2026,0,0,2.9905600000000025,,78.0,72.8,1.207,1.064,14.183282352941
Northwestern,116.6742345302,103.80640320059,0.79312528934431,15–19,15,34,51.7,51.0,33.9,34.8,13.0,17.5,28.1,34.7,65.3,52.9,51.6,33.0,33.4,10.6,6.4,65.8,63.8,34.0,40.2,65.175267415668,77.31012276111892,80.55149999999999,1.4578000000000002,2026,0,0,40.82919999999999,,75.1,74.1,1.116,1.098,37.937570588235
Stanford,117.01198172963,104.17187002634,0.79194564122868,20–12,20,32,51.7,51.2,35.7,40.3,15.5,18.3,32.3,30.1,67.9,50.4,51.5,35.6,33.7,10.2,9.4,46.3,42.7,44.2,33.5,67.040773731655,77.42805026347791,81.1445,1.7448000000000006,2026,0,0,31.34192,,73.1,75.6,1.118,1.07,26.527625
Arizona St.,115.17450087632,102.65784993939,0.78968667057708,17–16,17,33,51.1,52.4,39.5,34.3,17.1,18.5,29.8,34.9,70.6,51.7,52.3,33.4,35.0,12.8,9.6,53.0,55.4,38.4,40.3,69.266475190667,79.01179341195608,83.501,1.9127999999999996,2026,0,0,16.105040000000002,,75.3,74.2,1.081,1.11,37.440575757576
Mississippi,114.2582624083,101.87443026526,0.78906259438479,15–20,15,35,50.4,50.5,33.0,41.2,14.0,16.4,28.3,32.6,68.3,50.8,50.8,33.2,33.4,12.9,7.9,50.2,57.4,35.5,42.6,66.162705937664,77.80672609400325,80.527,1.9572000000000005,2026,0,0,47.43615999999999,,74.9,71.7,1.092,1.095,36.9412
West Virginia,108.5891213014,97.032251379022,0.78483526768512,18–14,18,32,51.1,48.3,35.5,29.2,17.5,18.1,31.0,29.0,64.0,52.5,45.7,32.8,35.0,8.6,11.2,53.2,55.1,42.9,38.1,62.516501064853,76.8490566037736,80.71050000000001,2.4662,2026,0,0,23.53712,,67.7,72.2,1.069,1.0,30.4015875
USC,113.51097727936,101.90005339251,0.7757261081195,17–14,17,31,50.4,49.7,44.2,33.4,17.4,16.3,32.4,32.2,71.0,51.8,52.0,31.7,30.9,14.9,8.3,56.5,54.1,34.1,40.4,70.796555832087,78.88897795591181,82.571,2.1201279232460517,2026,0,0,33.86756,,72.6,77.7,1.075,1.083,35.04781483871
McNeese St.,113.75742614457,102.13243406017,0.7755077788755,26–6,26,32,50.7,49.3,37.4,42.1,14.2,24.5,35.1,34.9,66.4,52.3,49.5,31.7,32.7,15.9,6.7,49.0,57.2,35.2,46.8,66.037599630821,77.0828485456369,79.7425,1.9240151969606067,2026,0,0,48.57472,,74.4,73.2,1.141,1.004,15.710351875
LSU,119.2006616601,107.06677277691,0.77462085918218,15–17,15,32,52.8,50.9,40.9,37.8,15.6,13.9,33.1,31.7,68.7,54.5,49.5,33.1,35.4,10.3,8.3,52.5,46.3,34.5,37.9,66.681395440502,78.30406673618353,81.24149999999999,2.2222000000000004,2026,0,0,35.311600000000006,,76.4,69.8,1.155,1.113,32.321721875
Butler,117.50315707442,105.63413676907,0.77286531121352,16–16,16,32,50.9,51.9,42.1,24.9,15.9,15.1,34.6,30.0,70.0,51.9,53.1,32.7,33.3,8.0,11.9,57.2,53.7,34.9,37.5,68.938907786416,78.19947240259741,80.81099999999999,1.7818000000000005,2026,0,0,51.23916,,71.9,71.8,1.117,1.091,29.579925
Dayton,111.3708782132,100.43639182856,0.76645918136455,25–12,25,37,51.6,51.0,46.2,35.5,16.9,21.0,26.9,28.8,67.6,52.1,49.6,33.9,35.4,12.0,11.4,59.1,50.7,41.4,40.9,66.663823699658,77.38814845191717,80.931,2.2036814725890363,2026,0,0,13.578800000000005,,75.4,70.4,1.085,1.015,21.456494594595
Akron,117.93311549846,106.43014630709,0.76498932863666,27–6,27,33,58.2,51.2,29.2,30.4,15.5,18.3,33.4,29.9,71.0,58.8,49.6,38.2,35.5,8.5,8.4,57.1,50.9,44.8,43.1,70.212681059819,75.20936981757876,77.939,2.4506197520991604,2026,0,0,12.878320000000002,,75.4,71.9,1.216,1.055,12.598818181818
California,114.45896385331,103.36484055611,0.76358616669734,21–12,21,33,52.7,49.8,36.2,36.3,15.1,16.1,26.0,30.5,69.3,50.6,52.1,36.9,31.0,8.6,11.1,54.1,56.2,43.1,40.8,67.960906251202,77.30781961108814,80.9295,2.2482993197278915,2026,0,0,59.84740000000001,,77.4,65.6,1.113,1.051,24.779418181818
Providence,120.99116000722,109.28659242265,0.76315464969253,15–18,15,33,55.0,51.4,36.7,32.7,16.7,13.1,31.7,30.8,72.3,55.3,50.4,36.4,35.3,9.6,8.6,47.5,54.7,40.5,38.5,71.371488545941,78.11715223635619,80.189,1.595319063812762,2026,0,0,45.024040000000014,,75.7,72.1,1.15,1.132,31.960660606061
Wake Forest,117.9634586609,106.59646663619,0.76228213215462,18–17,18,35,52.7,51.8,35.2,35.7,15.5,17.7,30.1,33.0,69.4,53.9,53.9,34.1,32.9,11.2,8.3,53.5,56.9,43.6,46.6,68.367533050851,77.99777192627101,80.0635,1.9788,2026,0,0,38.01744,,77.6,74.0,1.124,1.097,30.063294285714
Northern Iowa,109.91438957313,99.35278518571,0.76165690916419,22–13,22,35,53.8,47.5,25.6,29.6,14.4,18.0,21.8,26.5,63.4,54.9,50.2,34.7,29.1,9.8,8.3,56.6,49.2,39.1,41.8,62.174909667939,77.56070062411918,79.7175,2.3242000000000003,2026,0,0,19.898920000000004,,69.2,71.7,1.074,0.979,16.017745714286
Marquette,111.92892899205,101.3472839466,0.7580607535708,12–20,12,32,50.5,50.6,32.8,32.0,16.0,19.3,29.7,34.7,70.1,52.7,51.5,31.7,32.7,8.4,10.0,58.1,60.2,42.2,39.5,69.2630554544,77.57046568627449,80.967,1.3630000000000004,2026,0,0,61.08575999999999,,67.5,76.1,1.06,1.069,32.193853125
Georgetown,114.33355045928,103.59837006022,0.75655465198121,16–18,16,34,49.6,49.9,37.3,33.9,15.8,16.2,32.5,31.5,67.1,50.7,50.0,31.8,33.3,10.3,9.1,57.8,54.9,35.2,41.2,66.26339906769,78.28387492335989,81.69500000000001,1.7395479095819164,2026,0,0,54.19208000000001,,74.0,72.6,1.087,1.076,31.218438235294
Colorado,118.14434390288,107.31146788257,0.75137768742637,17–15,17,32,53.2,52.9,35.8,36.3,14.5,15.4,29.0,29.8,70.1,53.3,51.6,35.3,36.8,8.8,8.8,55.7,51.0,35.1,35.8,68.647626332924,77.94532663316583,82.59800000000001,0.9575915183036608,2026,0,0,35.62556,,75.7,73.7,1.132,1.125,30.745615625
Wichita St.,111.69914523897,101.47065828462,0.75109350491648,23–12,23,35,49.4,47.2,36.0,34.3,14.9,15.7,38.0,28.8,67.9,49.0,47.2,33.5,31.5,9.7,8.3,41.3,43.8,33.8,34.3,66.797758901764,76.26862582781457,80.93700000000001,2.213714514194323,2026,0,0,10.00016,,69.2,70.3,1.12,1.022,18.233291428571
Belmont,120.18200388252,109.1802941154,0.7510232477835,25–6,25,31,61.0,49.9,32.5,30.7,18.1,17.4,28.8,29.2,70.0,60.6,48.5,41.0,34.2,11.3,9.4,61.9,54.5,45.7,49.1,69.008026957885,77.82344517184944,80.94400000000002,1.4518,2026,0,0,5.770400000000003,,68.6,75.7,1.184,1.051,12.395258064516
Nevada,114.25751877783,103.80919482997,0.7507943495364,24–13,24,37,50.0,51.1,44.8,38.9,14.8,17.0,32.2,26.9,66.8,48.2,51.5,35.8,33.7,11.8,9.5,57.6,54.7,32.3,42.3,65.986235799658,77.09678072484307,80.34699999999998,2.0528000000000004,2026,0,0,14.69388,,75.7,70.9,1.124,1.057,22.89877027027
George Washington,117.4842105812,107.14931353046,0.74248548979963,18–16,18,34,54.4,52.4,34.9,34.9,18.2,17.7,35.8,28.7,69.9,55.9,53.5,35.1,33.9,10.6,10.3,55.4,60.6,47.0,43.0,69.191150086129,77.83820859390762,81.29899999999999,2.279400000000001,2026,0,0,20.72948,,72.3,73.0,1.153,1.071,19.314802941176
Creighton,115.06427296572,105.28342301845,0.73528437670543,15–17,15,32,53.1,51.1,27.5,24.6,16.5,14.0,27.5,29.7,68.5,54.3,50.2,34.5,35.4,6.2,10.6,58.4,50.9,48.2,32.0,67.401706243942,78.23872026251024,80.5775,1.907981596319264,2026,0,0,55.06696,,76.0,70.6,1.092,1.091,33.345334375
Syracuse,114.98726964223,105.23493843928,0.73481668812833,15–17,15,32,52.6,50.3,35.1,32.6,16.0,17.4,29.2,33.6,67.8,54.5,49.8,32.9,34.1,15.4,7.9,47.1,53.0,37.2,35.9,67.425718085854,78.27443298969074,80.8915,1.8755999999999995,2026,0,0,46.41524,,64.8,72.1,1.085,1.074,31.454059375
Oklahoma St.,118.4859326493,108.65476159705,0.7302940904095,20–15,20,35,52.0,53.1,39.4,31.5,15.8,15.6,30.8,30.4,74.0,52.6,52.4,33.9,36.0,7.2,10.3,50.4,56.4,35.5,43.0,72.388669559257,77.43942547876769,80.85999999999999,1.917,2026,0,0,43.35415999999999,,74.5,70.8,1.121,1.112,31.22106
High Point,116.7321596438,107.07716279652,0.72964497482231,28–5,28,33,54.5,50.5,40.8,35.5,12.8,21.3,31.8,31.1,71.2,57.0,51.5,34.2,32.6,10.6,10.7,52.8,52.0,43.6,40.6,70.014411849105,76.31895127993393,79.63250000000001,2.5544217687074826,2026,0,0,14.2764,,74.3,71.0,1.205,1.015,9.0160939393939
Miami OH,117.05766361371,107.80946130553,0.72040356337026,29–2,29,31,58.6,51.2,39.6,30.2,14.3,17.4,25.5,28.7,70.9,61.0,52.0,37.1,33.1,8.0,7.7,51.4,47.2,45.6,36.5,69.690292404992,77.52811078958246,80.12750000000001,1.6903238704518198,2026,0,0,11.20492,,74.9,74.0,1.196,1.061,11.068170967742
Stephen F. Austin,112.80105863259,104.16196226994,0.71428865225689,26–6,26,32,51.7,47.7,30.1,31.1,14.3,17.6,33.8,29.5,66.2,50.4,49.0,35.8,30.3,10.0,10.1,48.5,47.5,39.8,35.5,65.84120855047,75.5335372069317,78.37299999999998,2.2476514091545075,2026,0,0,0.2001200000000028,,68.6,73.0,1.128,1.004,10.635775
Hofstra,113.48194250832,104.86821303755,0.71255011496273,22–11,22,33,51.4,46.3,31.6,35.1,16.1,14.9,34.7,31.0,65.4,48.1,44.7,37.1,32.3,10.4,10.7,48.3,55.0,42.8,41.1,64.707519412119,77.42557482855989,81.1815,1.8964,2026,0,0,0.2000000000000028,,75.8,71.7,1.129,1.036,13.5683
Colorado St.,118.18368691914,109.33289790816,0.70996036865311,20–13,20,33,57.5,52.9,39.4,34.2,18.5,15.5,30.0,29.3,64.4,57.1,54.1,38.6,34.2,6.8,9.0,62.9,46.6,49.1,43.0,63.083008485496,77.65331185826454,80.92400000000002,1.7714000000000012,2026,0,0,31.167720000000003,,77.0,69.7,1.162,1.111,21.623687878788
Oregon,112.02320024832,103.71917702854,0.70800575758478,12–20,12,32,49.5,50.9,35.0,32.0,17.6,15.7,32.3,32.3,66.5,50.5,51.5,32.1,33.4,11.7,9.5,59.0,52.9,42.8,42.1,65.996334284205,78.82276686246709,82.3975,2.3214,2026,0,0,49.744800000000005,,73.0,78.7,1.061,1.108,35.23743125
Yale,118.62864661763,110.04054681444,0.7035404432994,22–7,22,29,55.6,51.7,35.1,26.8,14.0,16.3,34.2,29.7,65.6,53.6,50.9,39.4,35.0,9.9,9.1,56.0,52.7,36.1,45.0,64.774474696363,77.44306418219463,79.682,1.9626074785043,2026,0,0,10.823760000000002,,74.6,73.0,1.207,1.082,12.038006896552
Illinois St.,109.90044518919,102.11137684337,0.69959579103307,22–12,22,34,53.6,49.1,32.1,32.7,16.6,16.1,27.8,25.3,67.6,54.7,49.6,34.8,32.2,6.1,8.9,51.1,51.6,43.2,34.8,66.706618652225,76.48037231889924,79.8955,1.958008398320336,2026,0,0,1.2417600000000026,,71.0,68.3,1.097,1.011,15.647835294118
Utah Valley,112.30418309524,104.40429113389,0.69821533579948,22–9,22,31,54.9,49.4,38.2,39.2,20.1,21.3,34.8,31.4,69.4,56.9,47.7,34.0,35.2,13.7,8.1,62.1,52.5,32.9,33.3,68.581633894015,77.92142131979695,80.1655,1.7458508298340334,2026,0,0,10.210600000000005,,68.6,73.0,1.106,1.008,12.481012903226
Saint Joseph's,108.82802133184,101.32728800582,0.69450174691826,22–12,22,34,49.2,47.7,29.7,26.9,16.8,15.0,31.4,30.6,68.2,51.7,47.7,30.8,31.7,12.4,10.8,59.6,51.5,45.1,40.3,68.108811335063,77.52347754767275,80.59700000000001,1.6394000000000006,2026,0,0,46.56944,,73.8,69.3,1.051,1.033,19.141464705882
Xavier,117.577243575,109.61319742303,0.69138107083015,15–18,15,33,51.8,54.1,28.1,32.6,13.9,15.5,26.5,29.5,71.2,49.8,55.3,36.5,34.8,10.3,10.2,62.2,63.3,40.6,36.9,70.357337325347,78.61173860427591,81.55350000000001,2.351189286428144,2026,0,0,32.0656,,72.9,70.3,1.092,1.124,31.912842424242
Wyoming,114.86590518926,107.14831139265,0.68994059726974,17–15,17,32,51.8,52.0,35.4,47.9,16.3,16.8,34.1,28.0,67.6,53.6,53.5,33.0,32.8,7.0,10.9,53.8,45.2,43.0,35.9,66.379228946957,77.03269977518904,79.971,1.5689413648188908,2026,0,0,8.994320000000002,,74.3,69.8,1.128,1.08,22.353359375
South Carolina,112.00588573509,104.87914385594,0.68049369842572,13–19,13,32,50.3,51.6,36.7,34.0,14.5,14.6,27.2,32.1,68.0,53.2,53.7,31.1,31.8,6.2,11.1,52.9,57.2,44.4,35.8,66.376313124072,77.62032193158954,80.715,2.0527999999999995,2026,0,0,55.53128,,78.1,71.4,1.09,1.112,33.0501375
DePaul,107.05309897788,100.24514491351,0.68040263741652,16–16,16,32,49.8,49.3,35.3,37.8,17.8,18.6,30.0,31.1,67.7,50.5,47.3,32.5,35.4,9.4,10.7,60.9,57.5,39.0,33.9,66.475045135596,77.83996648512779,80.8755,2.0944000000000003,2026,0,0,41.36923999999999,,69.2,71.5,1.037,1.027,27.23008125
Mississippi St.,113.14114936133,106.05369497056,0.67785730551691,13–19,13,32,51.5,50.9,30.7,32.3,16.1,12.8,29.8,30.7,71.5,53.4,51.0,32.4,33.9,11.1,11.0,45.1,52.1,40.1,39.5,69.559358167534,77.48205959862152,81.88850000000001,2.1709658068386326,2026,0,0,48.43480000000001,,66.0,75.2,1.074,1.132,34.110575
Kansas St.,113.05520957407,106.07739242664,0.67538309607581,12–20,12,32,53.3,52.5,26.9,35.2,17.4,17.1,29.2,33.9,73.8,52.4,53.7,36.4,33.7,9.1,11.0,57.7,56.5,40.9,38.6,72.72048684757,77.36687370600413,80.52199999999999,2.109356257497001,2026,0,0,40.4598,,71.0,72.1,1.078,1.109,33.97988125
Notre Dame,115.04912060672,107.96588942487,0.67497073159842,13–18,13,31,52.3,51.8,34.1,36.2,17.0,14.0,31.2,26.7,66.7,51.4,53.6,35.6,33.2,7.3,8.8,47.4,55.4,43.5,47.4,66.098688953066,78.29364115026328,81.0035,1.4249699879951971,2026,0,0,64.09859999999999,,69.7,75.2,1.099,1.112,31.622664516129
Davidson,110.46179124536,103.78287819102,0.67199890065958,18–14,18,32,52.6,50.6,31.0,37.1,15.8,17.5,28.1,30.0,64.2,52.2,51.6,35.4,32.6,12.0,9.6,53.6,49.3,44.5,36.7,63.744938875684,77.71147540983605,80.2315,1.4364254298280683,2026,0,0,25.613040000000005,,63.9,69.2,1.076,1.055,18.1403375
Cal Baptist,107.02538777567,100.67981082942,0.66882799245911,25–9,25,34,48.3,46.3,35.9,36.6,17.9,17.0,37.5,27.2,67.5,47.4,47.3,33.4,29.5,7.3,9.6,39.9,45.5,32.0,31.6,66.044046677412,76.50787728026533,81.43,2.177964407118576,2026,0,0,1.4448400000000026,,71.3,72.1,1.065,0.99,13.296167647059
Pittsburgh,112.77557832703,106.09320567473,0.66872869684112,13–20,13,33,51.0,53.4,30.4,30.9,17.3,16.2,33.9,28.1,64.6,51.7,53.7,33.4,35.2,9.5,9.2,52.3,51.8,42.6,41.0,63.71539637338,77.04945054945057,79.68,1.6614677064587084,2026,0,0,54.78204,,67.4,76.9,1.084,1.104,29.915787878788
UNLV,115.4934313499,108.74280881541,0.66655024352068,17–17,17,34,53.6,52.3,40.7,44.9,17.1,17.4,30.2,32.0,70.6,54.0,52.1,35.2,35.2,12.7,7.8,51.3,56.2,36.4,36.6,69.797568217114,77.31821878812528,80.959,1.7668466306738648,2026,0,0,43.5428,,67.7,72.6,1.102,1.111,24.941164705882
Seattle,102.83882449989,96.995735981156,0.66210819395991,19–14,19,33,49.8,48.4,34.2,33.0,16.8,21.1,23.7,31.8,68.8,49.3,48.6,33.7,32.1,14.0,9.4,53.8,54.1,39.4,37.7,67.936586380613,77.31436585854537,81.149,2.283286685325869,2026,0,0,10.656440000000003,,70.6,74.2,1.015,0.988,19.069651515152
Maryland,112.0423871272,105.89751940668,0.65670897868741,12–21,12,33,48.1,54.4,36.4,35.8,18.6,14.9,33.8,29.1,66.7,48.6,54.4,31.7,36.3,9.1,11.6,45.2,61.2,46.9,43.1,66.401993947255,77.17179999999999,80.14200000000001,1.9516000000000004,2026,0,0,52.33012,,72.2,72.8,1.041,1.144,40.141139393939
Sam Houston St.,114.6368806405,108.48714183039,0.65341537880875,19–12,19,31,52.5,51.4,34.4,36.7,16.8,16.1,35.9,30.1,70.6,50.6,53.3,37.2,32.5,7.6,8.4,52.6,50.4,35.8,41.8,70.150504396355,76.51670334066814,79.71350000000001,1.7065413082616527,2026,0,0,12.217040000000004,,71.6,69.9,1.132,1.089,15.108538709677
Pacific,110.24492933448,104.70614384297,0.64400443245111,16–15,16,31,52.2,50.0,30.5,36.3,20.1,15.1,35.3,25.0,65.8,51.3,48.5,35.8,34.7,6.9,10.6,58.0,50.7,35.3,42.8,64.452242243433,77.10963855421684,80.538,2.54489102179564,2026,0,0,14.81508,,75.5,70.4,1.08,1.057,19.662951612903
Illinois Chicago,110.20418692185,104.7816314949,0.64112462124446,17–16,17,33,49.8,50.5,36.2,33.9,17.6,19.7,36.3,32.0,67.1,51.0,50.8,31.6,33.4,11.8,10.3,53.6,66.0,32.8,46.4,66.431775092943,77.14858870967743,79.62800000000001,1.4957008598280344,2026,0,0,12.56788,,72.5,74.4,1.086,1.046,15.343033333333
St. Thomas,113.01727502241,107.62122652022,0.63705669090077,21–10,21,31,58.9,50.7,33.8,30.7,14.3,17.0,22.6,26.6,69.7,63.0,52.8,36.0,31.7,7.5,8.3,56.7,52.9,46.3,41.1,68.439399780263,76.96546119463632,79.37999999999998,1.134546181527389,2026,0,0,19.93336,,68.7,75.8,1.161,1.049,9.8907516129032
Rutgers,111.11596612913,105.9804311742,0.63278406927002,14–19,14,33,47.5,53.0,36.1,31.4,15.1,17.1,29.8,33.1,66.5,46.6,52.5,32.8,35.8,9.7,9.8,50.6,58.5,34.6,39.0,66.743980424813,77.34325035417932,80.3545,1.2508996401439425,2026,0,0,37.89248,,74.1,75.3,1.049,1.117,34.745986666667
UC Irvine,103.98884257009,99.293053596519,0.62980770327732,21–12,21,33,49.5,45.9,35.9,26.7,17.8,18.8,31.0,31.2,70.8,49.1,43.1,33.6,33.7,14.9,9.1,55.1,54.8,28.0,38.0,68.266265780778,78.11699333198627,81.2225,1.4396241503398644,2026,0,0,20.689240000000005,,69.7,70.3,1.037,0.97,10.745266666667
UT Rio Grande Valley,111.64764820679,106.70765040563,0.62724905020798,17–14,17,31,54.8,47.8,28.9,38.9,18.5,16.3,28.2,32.1,66.5,54.5,49.2,36.8,30.4,7.8,10.2,59.9,58.1,43.7,38.2,66.448889756128,75.57441523494101,78.34750000000001,1.8834233153369329,2026,0,0,0.2000400000000028,,76.3,69.0,1.096,1.05,14.721332258065
Utah,114.97284974291,109.90452389806,0.62678896084321,10–22,10,32,52.0,53.9,31.7,29.9,16.7,13.3,29.3,31.6,68.0,51.5,54.6,35.3,35.1,8.4,12.0,51.7,48.2,37.5,33.8,66.338561828129,77.4924850730904,80.54749999999999,1.857200000000001,2026,0,0,16.77972,,73.8,71.5,1.088,1.158,32.947025
Liberty,118.03382356455,112.93901347798,0.62420086410469,23–8,23,31,59.1,52.7,31.4,27.0,13.4,17.1,19.3,33.1,64.5,60.2,50.4,38.6,37.7,9.0,11.0,61.4,46.5,47.7,36.6,63.973543035854,75.22044334975368,78.9545,2.4032806561312268,2026,0,0,1.533480000000003,,71.4,73.3,1.165,1.109,13.378358064516
George Mason,111.08163760997,106.49680032862,0.61886425114802,22–10,22,32,52.7,49.5,41.1,28.9,15.8,15.4,31.3,28.3,64.7,54.3,50.0,33.3,32.6,9.1,9.8,49.9,52.9,35.2,42.4,63.684797952145,77.90092443729904,80.84700000000002,2.253450690138027,2026,0,0,25.11044,,72.5,71.2,1.126,1.05,14.330178125
North Dakota St.,111.1225794314,106.56260424478,0.61818806502899,24–8,24,32,53.2,52.0,30.6,29.2,15.6,18.7,32.9,25.5,68.2,53.3,53.0,35.4,33.9,8.8,9.3,53.0,56.1,42.8,44.1,66.618440007337,76.1709002235318,79.56250000000001,1.8320335932813432,2026,0,0,0.2000400000000028,,71.4,75.3,1.138,1.033,9.667475
Hawaii,106.81686576667,102.63176193771,0.61292790358327,22–9,22,31,52.0,46.8,41.4,35.6,18.8,16.8,31.3,25.3,72.4,54.9,47.5,31.7,30.3,9.8,8.7,49.8,39.7,39.8,32.3,69.680347655406,78.63608247422681,81.58399999999999,2.6026,2026,0,0,9.28232,,73.5,70.1,1.079,0.975,11.122683870968
Duquesne,111.14980844387,106.8621336953,0.61121039519733,16–15,16,31,52.3,52.5,38.3,39.9,17.6,18.3,30.4,29.6,69.3,54.5,51.3,33.1,36.2,9.0,12.5,55.9,55.2,44.4,40.3,68.890667962414,77.4479883260371,79.806,2.5756848630273947,2026,0,0,5.589000000000003,,71.5,73.0,1.092,1.077,18.582009677419
Wright St.,113.28470715426,109.15931624586,0.60506175793029,21–12,21,33,54.3,52.4,37.4,33.3,16.1,16.7,32.8,29.4,68.9,54.2,52.9,36.4,34.3,11.4,9.1,46.9,44.6,34.2,34.5,66.98545658461,76.94220239302375,79.55600000000001,1.2391521695660868,2026,0,0,0.2000400000000028,,74.7,74.4,1.154,1.093,11.496739393939
Florida Atlantic,109.95745628207,105.981613447,0.60432547506603,16–15,16,31,52.2,49.5,33.3,36.2,17.6,15.5,31.6,28.3,70.2,53.6,48.8,33.3,33.8,13.5,7.5,47.1,46.2,38.2,35.2,69.825349283756,77.74937913907284,81.02950000000001,1.1565686862627476,2026,0,0,42.88728,,70.3,72.4,1.086,1.06,16.12594516129
UC San Diego,106.50914890326,102.72883228458,0.60242695967538,21–11,21,32,52.6,48.4,31.2,29.3,16.5,16.8,26.1,27.0,69.7,55.0,49.3,32.8,31.5,7.6,10.2,55.5,56.9,42.3,43.9,67.245729707821,78.02873794212218,80.808,1.5326,2026,0,0,0.2000000000000028,,69.3,71.8,1.068,1.01,10.825678125
UNC Wilmington,110.58879540335,106.97285809551,0.59442815492886,25–7,25,32,50.4,47.5,40.4,31.7,14.8,14.9,35.3,27.6,66.1,49.1,49.7,35.0,29.7,7.3,7.9,51.7,47.9,38.8,42.6,64.950815910696,78.87907444668006,81.08899999999998,2.680463907218556,2026,0,0,12.882680000000006,,68.7,73.8,1.129,1.031,8.435321875
Toledo,114.89434194718,111.39439224213,0.58801450181027,17–15,17,32,54.5,54.3,30.5,26.6,14.7,17.9,29.5,33.7,69.5,54.0,56.1,37.0,34.4,7.8,8.5,53.1,50.8,32.5,40.0,67.929656391889,76.47438524590164,80.0285,1.4652000000000005,2026,0,0,22.70196,,75.4,68.4,1.149,1.115,13.91524375
Southern Illinois,102.88026340557,99.750526315139,0.58789619461776,15–16,15,31,49.2,49.0,31.3,31.4,17.0,18.5,30.9,27.3,69.7,52.2,51.5,27.8,30.4,10.0,8.5,48.6,52.1,29.2,41.5,69.033102794411,77.16958943676502,80.3645,1.719,2026,0,0,28.955079999999995,,68.3,69.5,1.029,0.998,15.267925806452
San Francisco,113.26993756436,109.90817633968,0.58576329810794,16–16,16,32,51.2,50.8,40.1,29.6,15.8,14.1,31.3,29.0,66.7,50.7,50.6,34.6,34.1,7.7,8.7,55.6,52.6,46.1,35.8,65.978578601827,78.00878626890069,81.32850000000002,1.7732453509298134,2026,0,0,26.871040000000004,,70.9,74.3,1.1,1.097,21.073790625
Fresno St.,107.42651053462,104.29199405351,0.58432229477054,12–19,12,31,50.6,51.5,33.8,28.6,18.1,18.2,27.9,30.6,69.4,52.3,55.7,32.1,30.7,6.6,9.8,49.9,51.5,40.9,44.0,68.307542245165,77.87741804113216,81.206,1.2223555288942207,2026,0,0,8.025000000000002,,75.1,72.5,1.043,1.06,21.88695483871
Memphis,108.33964121715,105.23398548214,0.58284790251263,13–19,13,32,48.7,48.7,34.7,42.4,18.9,18.5,35.3,35.6,71.4,49.4,51.0,31.6,30.5,12.7,10.4,49.8,54.7,33.7,43.2,69.985174437859,77.61256544502618,82.16749999999998,2.184363127374525,2026,0,0,46.28583999999999,,72.1,73.2,1.046,1.066,23.034525
Montana St.,110.98682118285,108.02203480517,0.57722125987264,15–14,15,29,53.6,51.7,30.2,29.6,14.7,15.7,27.0,28.2,67.4,53.1,51.8,36.1,34.3,7.3,7.5,39.9,43.2,44.7,34.3,65.942425116903,77.37286063569682,80.08899999999998,2.217,2026,0,0,12.09504,,74.0,76.4,1.114,1.082,14.496148275862
UAB,109.01416473136,106.17752504072,0.57522501867327,19–12,19,31,48.4,50.0,36.4,28.7,12.5,16.1,32.5,27.7,70.3,51.3,50.7,27.8,32.6,9.4,9.7,50.3,50.3,30.5,39.2,69.336824595823,76.68982132101988,79.57000000000002,1.7966813274690123,2026,0,0,30.832040000000003,,70.6,72.2,1.097,1.044,14.089535483871
Washington St.,113.98604848454,111.02114892936,0.57519685589759,11–20,11,31,54.7,52.6,30.2,33.0,18.4,14.6,29.5,28.2,68.9,54.6,52.4,36.5,35.4,7.7,9.6,51.6,49.2,44.8,36.7,67.953741777944,77.98569413661092,80.465,1.8260347930413912,2026,0,0,17.189319999999995,,74.5,75.3,1.097,1.121,20.536990322581
UC Santa Barbara,113.3234305875,110.57393108169,0.57014880519137,16–14,16,30,54.7,52.6,36.8,42.4,18.7,16.8,31.0,25.5,67.1,53.6,53.5,37.4,33.9,6.6,9.9,54.6,49.0,44.1,35.7,64.374240765103,78.01833715357365,80.0,1.9556,2026,0,0,53.72107999999999,,77.5,72.6,1.125,1.081,10.960973333333
Murray St.,115.14466612835,112.50224359471,0.56635272637834,20–13,20,33,53.8,52.4,38.6,32.2,16.3,15.8,32.6,31.3,72.3,55.0,51.7,35.0,36.2,8.9,8.1,49.1,44.1,44.8,27.4,71.89414835646,77.92878575715142,81.3065,1.8173634726945385,2026,0,0,38.99096,,75.5,71.8,1.15,1.11,15.706218181818
North Texas,103.5501862362,101.49521332094,0.5573748159326,17–14,17,31,46.0,48.4,39.6,45.1,16.7,21.3,33.5,32.4,66.0,47.4,49.8,28.7,30.9,13.2,11.2,50.5,49.4,32.3,38.6,65.033532795042,77.34953422438234,80.14999999999998,1.8163265306122451,2026,0,0,5.921760000000004,,70.0,70.9,1.023,1.009,16.12855483871
Bradley,111.24711852664,109.0822620064,0.55625946466346,20–13,20,33,51.1,52.8,35.9,38.2,13.9,19.0,27.4,27.8,67.6,49.1,51.4,36.1,36.6,9.5,8.8,50.8,54.0,40.5,39.9,67.295308678166,76.68895289035179,81.8555,1.9238,2026,0,0,1.0565600000000026,,74.0,70.8,1.102,1.062,13.562745454545
Kennesaw St.,111.05019586033,109.04968086511,0.55207438228087,18–14,18,32,50.4,48.3,45.1,47.1,16.7,16.0,35.2,31.6,71.8,50.5,47.1,33.4,33.5,14.5,13.0,50.9,50.0,42.5,37.9,71.163087172987,78.35453451043341,80.4975,1.295059011802361,2026,0,0,13.38336,,70.1,75.1,1.106,1.081,13.489340625
Northern Colorado,112.28808369965,110.38305928737,0.54903620292213,17–12,17,29,55.7,50.1,27.5,38.8,15.4,12.4,27.2,24.2,70.0,58.1,52.3,35.0,30.7,7.0,7.2,53.3,37.9,41.5,35.0,68.511234781434,77.5741042345277,80.762,2.3379324135172967,2026,0,0,8.288680000000003,,75.8,76.5,1.134,1.096,11.968824137931
Penn St.,113.83247781539,111.92601057583,0.54840620717728,12–20,12,32,53.0,58.4,33.8,27.5,15.6,17.7,25.9,31.1,67.5,55.8,58.6,32.4,38.8,5.2,9.8,48.3,60.4,38.1,43.4,67.586431295035,78.7611575300591,81.53899999999999,0.9868,2026,0,0,57.96968000000001,,75.0,76.9,1.092,1.176,33.28737375
Temple,112.25811950657,110.48329577656,0.54568967599863,15–16,15,31,50.2,50.7,40.6,35.5,13.7,15.5,29.8,30.3,65.4,50.0,51.5,33.6,32.8,11.2,11.4,48.2,48.8,35.7,35.9,64.91910380279,77.5040563620837,79.8975,2.0130000000000003,2026,0,0,29.083240000000007,,74.7,71.8,1.112,1.085,13.769970967742
Boston College,103.72086980251,102.11148641041,0.54483883052798,11–20,11,31,47.0,48.9,32.4,34.6,15.4,14.9,28.3,28.6,66.3,49.1,49.6,29.4,31.9,11.6,10.0,47.4,48.6,42.4,39.0,66.000780308022,77.6493480441324,81.5485,1.665466906618677,2026,0,0,56.22716,,65.3,67.1,1.0,1.048,25.060174193548
Central Arkansas,109.8477949675,108.19184351216,0.54355980953096,20–12,20,32,54.0,54.9,31.2,30.1,15.4,19.0,28.8,27.4,68.9,54.7,57.3,35.5,35.2,6.8,10.7,58.0,62.3,48.7,52.3,67.95535183247,77.04133415183139,79.6805,1.0535892821435715,2026,0,0,0.2000400000000028,,70.7,73.3,1.129,1.082,13.37508125
Idaho,108.05297408748,106.46902893942,0.54235473793954,18–15,18,33,51.4,50.5,34.6,38.5,15.0,15.1,28.4,24.2,69.1,51.6,49.3,34.1,35.2,6.4,9.0,44.6,45.1,47.0,35.4,67.513993878708,77.23959827833572,80.58,2.010197960407919,2026,0,0,0.2000400000000028,,72.6,74.5,1.091,1.068,12.758636363636
Robert Morris,110.38524170516,108.77581151038,0.54212633028216,20–11,20,31,54.9,50.0,28.0,40.1,18.6,15.9,37.5,28.8,66.1,53.5,50.2,38.0,33.2,6.8,10.0,62.8,51.6,40.7,36.0,64.595780990477,77.11432706222865,79.98849999999999,1.6566686662667465,2026,0,0,7.2901200000000035,,69.4,76.4,1.139,1.088,10.402051612903
Penn,107.81279666551,106.28270962655,0.54100222931482,17–12,17,29,50.4,52.1,33.9,27.5,15.3,17.3,30.0,31.3,68.8,46.5,54.5,38.3,32.2,8.5,9.3,52.3,53.2,35.4,39.7,69.041380440449,77.77315963606286,80.744,1.8652269546090787,2026,0,0,17.096040000000006,,69.4,67.4,1.073,1.074,15.300148275862
Arkansas St.,110.16671312044,108.82698084718,0.53511914676537,18–12,18,30,51.7,50.3,39.1,37.0,19.8,14.9,38.2,27.0,72.5,53.6,50.8,32.9,32.9,7.3,10.2,55.8,51.4,44.9,38.8,72.203010105825,78.42339999999999,81.5075,2.1452000000000004,2026,0,0,16.96124,,73.3,70.6,1.114,1.063,11.304866666667
St. Bonaventure,113.4808733352,112.25871841133,0.53109065981626,16–17,16,33,52.4,53.3,30.0,33.9,16.8,17.1,34.5,29.8,67.5,50.8,52.8,37.4,36.0,13.1,8.0,55.2,55.9,31.3,40.7,67.203719942758,76.27150974025976,80.36650000000002,2.173400000000001,2026,0,0,12.23368,,74.7,75.3,1.119,1.109,15.830245454545
Navy,107.24280650253,106.13077234282,0.52993158237439,24–8,24,32,53.1,48.3,38.8,26.0,16.8,18.3,31.9,27.4,65.2,52.7,51.0,35.8,30.0,10.7,7.8,61.2,52.7,33.1,46.0,65.176332615457,74.66514047866804,78.59049999999999,2.57251450290058,2026,0,0,0.1999600000000028,,73.6,75.3,1.123,0.995,7.5762625
Rhode Island,104.4232756454,103.40864883158,0.52804202699457,16–16,16,32,50.1,50.4,38.4,42.6,19.2,21.1,31.0,31.8,66.0,52.8,49.3,31.1,34.7,12.0,10.2,47.9,54.1,43.5,41.5,65.883188199053,76.1251273690646,79.42099999999999,2.521504300860172,2026,0,0,9.609960000000004,,72.1,70.4,1.05,1.025,15.24799375
Troy,110.22513592695,109.19154221212,0.52705993390865,20–12,20,32,51.5,50.2,36.2,31.4,17.3,16.7,34.6,31.7,66.8,53.2,52.0,33.0,31.6,9.0,10.9,57.5,50.0,45.9,39.1,64.983220743467,77.64315096668038,80.42450000000001,1.8952209558088389,2026,0,0,0.2000400000000028,,74.2,71.0,1.111,1.071,12.87016875
Bowling Green,106.22181408749,105.30422574887,0.52492266910133,15–14,15,29,51.8,51.0,37.0,37.2,16.5,18.4,28.7,26.9,70.2,51.9,51.6,34.4,33.5,10.6,9.8,48.5,51.8,34.2,41.2,68.284013285594,78.22565466448445,81.08550000000001,2.4978,2026,0,0,14.179760000000002,,72.3,72.2,1.089,1.032,10.543717241379
Cornell,120.14816452563,119.12967097229,0.52445567179255,13–13,13,26,58.5,55.9,30.2,37.2,16.0,15.1,30.2,30.6,71.3,59.7,55.7,38.3,37.5,7.3,9.6,66.7,56.7,51.6,38.3,71.435018336162,75.88274153592074,77.6175,2.2969406118776248,2026,0,0,2.7550000000000026,,74.1,71.7,1.192,1.176,13.683257692308
Middle Tennessee,110.17643538777,109.24923292546,0.52427816799619,14–15,14,29,51.6,51.0,32.7,35.7,17.1,15.0,30.7,28.5,66.6,52.3,51.0,33.8,33.9,10.7,8.3,53.5,47.2,45.3,35.3,65.613341114263,78.26374292643492,81.4205,2.043017206882753,2026,0,0,19.70532,,70.2,74.5,1.076,1.093,16.808508965517
Loyola Marymount,106.58146152223,105.92256229541,0.51782120510693,14–17,14,31,51.8,48.9,31.1,32.5,17.5,16.6,26.7,32.0,68.1,51.6,47.2,34.8,34.6,10.4,7.3,49.3,51.0,40.4,36.2,67.248590482033,78.39783408255006,81.10749999999999,1.9263558134880925,2026,0,0,31.45336,,69.5,75.0,1.048,1.054,16.051338709677
William & Mary,110.7240247746,110.10832426647,0.51602606873176,18–12,18,30,54.3,51.9,44.0,35.5,16.5,19.0,26.0,31.5,73.6,57.9,53.7,33.0,33.1,11.5,9.8,63.8,54.2,42.8,45.5,72.692121683597,77.44482688803402,79.09249999999999,2.4506901380276047,2026,0,0,0.1999600000000028,,74.9,71.0,1.108,1.072,12.258836666667
Austin Peay,108.94190843,108.42727392547,0.5136101304662,20–9,20,29,53.0,52.2,37.6,32.8,15.4,17.9,29.7,28.9,70.1,53.0,53.9,35.3,33.2,6.4,8.7,56.0,52.5,38.0,40.8,69.242292672523,77.27553492127572,80.21700000000001,1.7243102758896436,2026,0,0,20.599200000000003,,73.4,70.9,1.127,1.064,9.4403034482759
Eastern Washington,113.3291359477,112.87570025942,0.51152405494966,13–19,13,32,53.7,54.9,36.1,37.3,17.7,16.2,31.3,30.8,68.9,53.6,56.3,35.9,35.2,9.7,7.9,49.0,49.1,34.7,39.0,67.829442841043,76.57448979591838,80.1645,2.685125949620152,2026,0,0,6.202480000000004,,74.3,75.9,1.118,1.14,15.4615375
Harvard,105.46575973538,105.15421923679,0.5085043518872,16–12,16,28,53.2,50.4,25.7,26.6,17.4,17.1,26.8,28.2,63.9,54.0,51.4,34.7,32.6,10.8,7.4,56.1,51.7,40.2,38.7,63.158099114753,76.61390937829295,78.06599999999999,1.456,2026,0,0,13.646720000000002,,80.8,72.4,1.077,1.039,12.052589285714
Western Kentucky,108.82773315088,108.52191649544,0.50808970009101,16–14,16,30,47.5,51.2,41.2,46.8,14.5,17.2,31.8,29.5,70.9,45.8,51.0,33.4,34.3,6.9,11.9,51.2,57.6,39.4,42.3,69.928749348818,76.76336816226184,80.83800000000001,2.1440576230492194,2026,0,0,10.39632,,75.7,69.1,1.09,1.077,13.44283
Richmond,110.84376901674,110.55955186306,0.5073807873105,14–17,14,31,52.7,52.0,36.9,35.1,14.3,17.7,25.0,31.0,68.5,50.5,54.5,37.1,32.7,7.3,7.7,54.5,48.2,42.6,45.6,67.625565726729,76.56311458960467,80.399,2.123649459783913,2026,0,0,4.5734400000000015,,75.2,71.5,1.112,1.084,14.758396774194
Siena,108.42081363494,108.17180154124,0.50661027498721,23–12,23,35,50.4,48.5,33.4,27.5,15.8,17.0,31.8,29.5,64.2,52.5,48.5,30.6,32.3,9.1,9.5,53.2,48.3,32.2,39.4,64.599365386901,76.7738775510204,80.0355,1.7320535892821436,2026,0,0,4.099440000000002,,77.1,73.0,1.092,1.022,9.2216628571428
Merrimack,106.5079733982,106.41732825296,0.50244783240175,23–11,23,34,49.1,46.7,38.2,37.1,14.8,20.4,24.8,39.9,63.8,49.1,47.3,32.7,30.3,13.9,13.0,56.0,56.9,46.1,32.6,63.549135971227,76.71131202691336,78.5775,1.511697660467906,2026,0,0,0.2000400000000028,,78.8,73.5,1.064,1.032,10.804582352941
Valparaiso,107.73600812733,107.64977848288,0.50230199488359,17–15,17,32,47.6,50.5,39.1,35.1,15.7,16.9,32.5,30.1,66.1,45.8,51.9,33.9,32.1,10.0,8.5,48.8,49.8,36.8,37.0,65.175360295323,78.12550689375509,81.152,1.426085217043409,2026,0,0,4.495560000000003,,70.9,71.1,1.056,1.066,15.623115625
Oregon St.,109.37518005273,109.52337332424,0.49610735561189,17–16,17,33,50.5,50.3,43.1,35.1,17.7,15.3,26.8,32.1,66.2,48.8,51.0,35.0,32.9,10.7,9.3,61.2,55.7,44.3,41.5,65.26224097909,78.66727605118828,82.95849999999999,1.6293999999999995,2026,0,0,0.7779200000000026,,77.2,74.2,1.058,1.103,18.830490909091
Monmouth,106.90284509773,107.07770081015,0.49530148420291,18–15,18,33,49.6,50.1,32.7,32.2,16.6,19.9,31.2,32.8,67.2,48.7,49.6,34.2,33.9,11.9,8.7,53.9,50.8,34.4,38.3,66.939263813461,77.85337243401759,80.40899999999999,1.931027588964413,2026,0,0,11.948320000000002,,75.0,72.5,1.06,1.045,10.957057575758
Georgia Tech,106.72796311242,106.95796224662,0.49381134722406,11–20,11,31,50.0,49.9,33.3,34.2,18.6,15.6,29.9,30.7,71.6,48.7,50.1,35.1,33.1,11.4,10.8,59.9,56.3,33.2,44.4,70.94614734526,77.92103652315853,80.52149999999999,1.6558000000000006,2026,0,0,79.31016,,71.1,71.4,1.026,1.077,26.096996774194
Kent St.,110.11774604258,110.39748118324,0.49270633667361,22–10,22,32,51.4,52.1,43.5,39.5,18.0,16.1,35.3,29.3,72.0,50.6,51.8,35.0,35.0,9.4,9.6,57.1,55.1,44.9,43.1,70.573640179111,76.06383411262453,79.62700000000001,2.037977213671795,2026,0,0,7.761960000000005,,74.4,72.4,1.121,1.099,12.889234375
Winthrop,110.8468939175,111.22624289609,0.49017900933151,20–11,20,31,49.7,51.4,44.0,39.0,14.7,16.7,34.1,27.7,71.7,49.7,53.0,33.2,32.9,7.9,11.2,51.6,45.0,44.1,42.8,69.961622933256,76.60188795403242,80.5195,2.8140743702518987,2026,0,0,21.09408,,72.9,73.0,1.132,1.079,13.960212903226
Portland St.,102.97660429258,103.33195330211,0.49009739747202,17–11,17,28,50.6,48.8,37.1,42.8,16.9,18.0,30.0,26.4,69.0,51.5,49.0,32.6,32.3,11.3,7.4,51.2,52.8,34.4,39.7,67.822677998081,78.02904304220644,80.73399999999998,2.4247150569886022,2026,0,0,0.7013200000000028,,71.0,74.9,1.062,1.023,11.575696428571
UC Davis,106.83914982222,107.22920383749,0.48952444472553,17–14,17,31,51.8,51.7,40.5,39.1,17.9,19.8,25.2,30.5,71.3,51.9,52.4,34.4,33.8,7.6,10.3,59.9,51.9,43.5,38.1,68.895804992275,76.41509433962266,80.1345,1.5308000000000002,2026,0,0,15.319160000000004,,75.3,74.1,1.059,1.058,12.358293548387
Charlotte,113.29417282565,113.71047482223,0.48945667255313,16–17,16,33,53.4,50.9,36.4,36.2,18.1,13.6,33.9,32.5,64.4,53.8,51.4,35.2,33.5,10.0,9.5,51.8,51.1,45.4,40.7,63.392851299017,78.85487117552337,82.49,2.0160032006401285,2026,0,0,11.41796,,71.6,71.8,1.114,1.134,15.660154545455
FIU,108.13372904039,108.70539364552,0.48484557456689,12–17,12,29,50.6,52.9,38.6,35.9,17.7,20.1,33.9,34.8,71.5,49.9,51.7,34.7,36.2,13.2,8.4,49.9,62.2,32.7,45.1,71.661640353264,76.88188494492046,80.9615,2.133426685337068,2026,0,0,0.1999600000000028,,69.4,70.1,1.074,1.092,14.673313793103
Towson,104.56380162501,105.14228553687,0.48414363838378,17–15,17,32,46.5,48.5,30.4,29.3,15.9,15.1,36.0,29.1,63.8,47.8,50.0,29.4,30.9,10.0,7.6,38.9,46.0,34.9,41.4,63.442259878689,78.11801619433199,81.056,2.2283086765293887,2026,0,0,0.4603600000000029,,68.9,69.3,1.047,1.037,14.571465625
Massachusetts,110.02789760965,110.70080488195,0.48247783681899,16–16,16,32,53.1,52.9,37.0,44.6,17.8,16.8,33.3,26.1,71.2,53.2,55.4,35.2,33.0,6.7,7.6,58.4,58.6,35.4,42.7,70.225315066925,76.78748476229174,80.47449999999999,2.030993801239753,2026,0,0,18.127880000000005,,67.3,72.9,1.099,1.084,10.09668125
Cal St. Northridge,108.85542086026,109.55672484877,0.48154553177009,18–14,18,32,51.3,51.6,34.2,34.3,17.5,16.4,31.9,26.6,75.3,52.6,51.7,32.4,34.4,8.7,10.1,56.6,57.9,33.6,48.6,73.488017982373,77.0242825607064,78.816,2.5436,2026,0,0,32.24712,,66.8,75.8,1.066,1.075,12.3301625
Montana,107.15924368951,107.85069150632,0.48151700750359,15–15,15,30,55.8,50.5,36.8,32.6,19.6,14.3,20.7,29.6,71.1,56.5,51.9,36.6,32.3,6.2,8.7,55.1,48.4,41.8,38.0,69.545776498136,77.22414520894893,79.2785,1.6822000000000004,2026,0,0,1.256000000000003,,77.3,72.2,1.065,1.092,14.430556666667
Northern Kentucky,109.32894338502,110.19937218587,0.47721694354423,17–14,17,31,53.2,54.2,35.9,37.2,16.3,18.6,32.2,31.6,70.9,55.5,53.8,33.6,36.6,9.8,7.7,55.5,52.6,44.9,38.1,70.045331136512,76.95370957514268,79.14399999999999,2.3953209358128373,2026,0,0,0.2000400000000028,,72.1,71.6,1.132,1.101,10.677180645161
Fordham,103.61685001664,104.44217129395,0.4772067894236,14–15,14,29,48.6,49.9,26.4,30.3,17.2,17.2,34.1,26.8,64.5,51.9,49.8,28.9,33.4,6.8,8.5,52.4,60.7,38.3,42.4,64.252162791021,77.64713064713065,81.31150000000001,2.0909818036392718,2026,0,0,5.609200000000002,,70.2,68.3,1.042,1.024,14.666831034483
Howard,106.45282583001,107.41373697788,0.4741878099742,20–11,20,31,50.9,48.7,43.4,38.4,19.3,20.7,35.8,31.4,69.3,49.4,49.6,35.8,31.4,10.0,11.2,60.3,47.9,34.7,34.4,69.033830055734,76.2171381031614,78.536,1.910417916416717,2026,0,0,0.2000400000000028,,74.0,69.6,1.086,0.998,11.007774193548
Green Bay,113.4158296875,114.44440574661,0.47406723720907,16–15,16,31,54.9,53.6,41.6,37.4,16.0,13.2,25.1,29.6,64.7,55.0,52.9,36.4,36.3,8.4,9.3,54.5,57.8,37.3,43.3,62.991041208103,76.79947122229002,79.0225,1.674595242854287,2026,0,0,0.2001200000000028,,77.5,74.2,1.133,1.163,12.831067741935
Furman,108.31193191002,109.32686431207,0.47321104843759,19–13,19,32,54.8,50.2,32.7,28.9,17.8,13.7,30.5,28.2,66.5,58.8,51.5,33.4,32.3,9.3,10.6,56.1,47.7,46.5,41.8,65.935398818875,79.1878453038674,81.42599999999999,1.606878624275144,2026,0,0,11.613560000000003,,70.1,70.3,1.115,1.078,9.5656375
Oakland,114.24031298103,115.32010575454,0.47297963888257,15–16,15,31,52.7,54.7,38.1,24.6,14.7,15.1,31.3,34.4,71.1,53.0,57.0,34.7,34.3,9.8,11.7,54.9,66.3,34.0,41.7,70.036815707189,76.66565900846435,78.92300000000002,2.6171234246849373,2026,0,0,0.1999600000000028,,75.1,72.6,1.147,1.164,20.289821290323
Texas A&M Corpus Chris,104.40232240424,105.59121227117,0.46749163580618,14–15,14,29,49.5,50.1,41.1,46.3,19.4,19.0,31.7,28.8,66.6,48.1,51.5,35.0,31.6,7.7,11.6,50.7,49.3,31.4,34.9,65.960959845022,76.34629478827362,79.6025,2.5136917849290423,2026,0,0,2.2937600000000025,,67.4,70.9,1.024,1.037,15.504417241379
Detroit Mercy,109.21439017772,110.56448148376,0.46473621931058,15–15,15,30,49.5,52.2,32.6,37.6,16.0,14.4,33.3,30.8,69.7,48.1,53.8,35.1,33.3,9.5,7.9,48.5,58.3,30.7,42.6,68.841341375429,77.1502,80.3125,1.419232307077169,2026,0,0,5.729280000000002,,78.9,71.9,1.094,1.129,13.20693
Louisiana Tech,103.71679865989,105.12329775607,0.46135148687941,17–14,17,31,47.4,48.7,33.1,36.3,18.3,17.8,36.4,31.6,64.7,49.7,46.7,28.5,33.9,15.7,10.2,48.0,55.8,33.4,46.8,63.982375380211,77.75849989697095,80.0635,1.7290916366546625,2026,0,0,20.67348000000001,,67.2,71.0,1.036,1.035,10.82415483871
South Alabama,107.80020417888,109.36134092833,0.45875745236513,19–12,19,31,52.6,50.1,38.5,25.4,13.0,18.1,25.0,31.4,65.7,53.2,50.8,34.5,33.1,10.3,11.3,45.9,71.1,36.5,64.6,64.618744872725,77.31971971971973,79.521,2.4077184563087384,2026,0,0,3.281000000000003,,65.5,73.3,1.092,1.063,9.6276935483871
Youngstown St.,106.59722632509,108.15564738038,0.45836920707083,12–17,12,29,53.7,52.3,31.4,36.0,18.8,17.8,30.4,30.7,68.6,56.6,51.7,33.8,35.5,9.3,9.7,53.8,47.8,49.4,34.3,67.291393581929,76.38611278346379,79.6955,2.562887422515497,2026,0,0,4.511240000000004,,73.3,74.9,1.09,1.087,11.168179310345
UMBC,108.58485927209,110.19544008686,0.45777067421569,22–9,22,31,54.1,49.4,34.1,25.7,14.0,15.1,24.9,25.8,66.5,54.1,49.6,36.1,32.7,6.5,6.4,44.8,43.0,38.8,37.7,66.096224870793,76.96601546601548,79.572,2.0833666533386648,2026,0,0,7.895120000000004,,76.0,67.7,1.129,1.022,7.4691161290323
Appalachian St.,105.68577505677,107.45962104339,0.45229162708905,17–13,17,30,49.9,47.5,39.1,31.2,15.3,14.0,32.0,29.0,64.1,53.6,47.0,30.4,32.2,10.2,8.8,47.8,50.8,45.9,41.4,63.027359667447,76.31726662599145,80.12049999999999,2.0374224534720837,2026,0,0,5.257880000000003,,64.5,70.7,1.077,1.048,9.3801866666666
New Mexico St.,108.39500115009,110.21756309177,0.452207781306,13–16,13,29,48.5,48.7,34.9,44.2,15.0,14.7,32.5,30.3,67.2,48.5,48.8,32.4,32.4,9.0,8.1,49.3,47.8,38.7,41.3,66.639632897247,76.71973499297332,79.8615,2.4238000000000004,2026,0,0,2.0824400000000023,,73.5,72.4,1.084,1.083,11.307962068966
UT Arlington,101.1981253028,102.95167845093,0.4507689501499,16–14,16,30,47.2,47.4,42.5,40.9,20.7,18.0,34.9,30.1,66.5,48.8,50.9,29.1,26.9,9.3,9.5,46.4,49.1,30.7,32.3,64.850630713986,76.76060000000001,80.1745,1.3840463814474209,2026,0,0,23.877920000000003,,72.3,70.2,1.006,1.007,14.036286666667
East Tennessee St.,108.25845411808,110.14195900792,0.45057221169388,21–11,21,32,55.3,51.0,35.0,36.4,15.2,18.5,28.3,27.9,66.5,57.2,52.6,34.7,32.9,11.5,7.5,50.8,55.2,37.8,47.7,66.072274974089,76.63452285485164,79.64399999999999,2.0905637744902044,2026,0,0,14.561920000000002,,74.7,71.9,1.146,1.046,8.39915
Charleston,107.16331481579,109.03730904847,0.45032305535575,20–11,20,31,50.5,49.2,41.2,26.1,15.7,14.7,29.9,32.3,68.3,53.4,49.5,30.6,32.6,12.9,8.6,52.6,53.2,38.1,43.7,67.767692351804,78.15270727580372,81.48550000000002,1.49640143942423,2026,0,0,15.780760000000004,,73.6,69.7,1.094,1.073,11.114490322581
Campbell,110.47537990636,112.51848260944,0.44751028582654,14–18,14,32,50.1,53.9,43.5,37.0,17.6,17.0,33.5,32.0,70.0,51.2,54.2,32.3,35.5,3.7,10.5,44.9,49.8,36.9,29.9,69.88518342526,76.32462920409444,78.915,2.2291374824894934,2026,0,0,0.7454800000000029,,72.5,74.2,1.086,1.126,16.83160625
Utah Tech,111.2035520275,113.34034343242,0.44549795117632,16–15,16,31,53.3,50.9,30.6,33.0,17.6,16.9,28.1,34.5,68.1,53.7,53.5,35.0,30.7,7.5,7.3,53.2,48.5,38.2,34.4,66.484686659573,78.24456958970235,79.91900000000001,1.8556000000000004,2026,0,0,0.2000000000000028,,72.6,72.6,1.069,1.102,16.512370967742
Queens,115.27993908039,117.60306125045,0.4428893538202,20–14,20,34,56.4,54.6,35.4,38.1,14.8,15.1,30.2,33.6,70.6,58.9,54.5,35.7,36.5,7.9,9.4,54.9,48.4,46.5,39.5,69.528341327081,78.20084609186141,80.7805,1.7327999999999997,2026,0,0,9.0398,,74.9,73.1,1.186,1.177,16.166561764706
New Orleans,108.85799464004,111.16089335903,0.44010258873409,15–18,15,33,49.6,49.0,46.4,39.5,20.5,14.9,35.6,34.5,69.6,50.6,49.3,31.8,32.4,10.2,9.7,52.5,60.3,33.7,40.2,69.812433111263,77.8578947368421,80.905,1.8368,2026,0,0,0.2000000000000028,,74.3,71.7,1.062,1.107,17.661842424242
Missouri St.,109.55973346663,111.90321423444,0.43945088285744,13–18,13,31,51.1,52.0,43.8,40.2,16.7,16.9,32.0,32.1,66.3,52.2,52.3,33.0,34.4,8.5,13.6,56.6,49.8,41.3,35.8,65.306184258105,77.06201240248049,79.42049999999999,1.7866,2026,0,0,5.371040000000003,,67.3,71.9,1.084,1.103,11.854558064516
Columbia,108.21345814357,110.6397660624,0.43659344250998,14–12,14,26,53.5,51.2,28.6,33.5,19.3,15.0,36.1,27.2,67.1,53.2,50.3,35.9,35.2,8.0,9.9,54.3,57.9,37.5,36.0,66.858632303253,77.80179812014713,80.179,1.6059211842368477,2026,0,0,8.784280000000006,,70.1,74.8,1.105,1.085,12.343261538462
Tulane,107.8482254796,110.39194712604,0.43337578760808,17–15,17,32,49.4,50.7,43.5,38.1,15.4,17.1,22.8,35.8,67.9,50.5,50.0,32.0,34.5,12.8,10.9,54.8,55.8,45.0,40.5,66.891986185598,77.41163401333064,79.29299999999999,1.985402919416117,2026,0,0,50.14675999999999,,76.7,71.0,1.052,1.105,13.555065625
Marist,100.07939195968,102.5282726538,0.43094166737779,18–12,18,30,49.3,45.6,25.7,37.6,16.9,19.5,29.1,28.3,66.5,49.8,47.1,32.2,28.6,9.0,8.3,58.9,46.3,34.6,36.8,66.268363972217,76.28881090008257,79.4735,1.8795759151830371,2026,0,0,0.1999600000000028,,78.1,69.7,1.032,0.958,6.6076166666667
Drexel,103.01049543601,105.53230937373,0.43090930686845,16–16,16,32,50.7,47.1,31.6,35.4,19.0,16.4,31.2,31.0,65.2,49.0,47.9,35.5,30.3,9.5,9.3,53.6,47.3,40.0,34.1,64.233940607697,77.04167509609547,80.723,2.192761447710458,2026,0,0,2.1488400000000025,,66.5,75.2,1.033,1.036,9.35248125
Jacksonville St.,105.56723363355,108.28121129354,0.42753594475951,12–17,12,29,49.7,49.6,43.1,38.7,17.0,16.2,29.8,28.0,65.8,47.4,49.3,35.7,33.3,9.5,9.7,49.6,51.3,38.1,42.9,65.131347363832,77.1945371142619,80.18250000000002,2.012404961984794,2026,0,0,0.5946000000000023,,68.4,75.4,1.055,1.064,10.142744827586
Portland,106.09890576972,108.87048793198,0.42640022856042,13–19,13,32,51.2,52.7,34.4,32.6,19.7,17.0,28.1,32.5,69.7,54.7,51.4,29.9,36.1,8.8,6.4,61.6,66.7,35.4,45.6,68.551852982535,78.74119574119574,81.8225,1.3059999999999996,2026,0,0,0.2000000000000028,,74.0,74.4,1.026,1.112,19.45314375
Cal St. Fullerton,107.59543456287,110.46637375957,0.42486608159071,16–16,16,32,51.4,54.3,37.8,35.3,15.2,19.5,24.6,28.3,75.5,51.4,57.1,34.2,34.0,8.6,8.5,55.2,59.7,43.1,46.4,72.894617157991,75.80991569650743,79.158,1.8604000000000005,2026,0,0,6.446760000000001,,71.6,75.3,1.064,1.089,14.332925
Mercer,111.06088797331,114.08877595347,0.42327820336087,16–13,16,29,53.1,52.5,39.2,29.7,15.0,17.0,32.6,33.2,69.5,53.0,51.3,35.6,36.2,9.2,8.1,46.2,46.8,39.2,42.1,68.983906949062,77.23169993950394,80.221,2.0882000000000005,2026,0,0,9.255680000000003,,73.0,75.3,1.153,1.12,12.02144137931
Indiana St.,105.96511619912,108.94838533779,0.4208489420808,9–21,9,30,52.8,50.2,27.4,28.8,19.5,14.9,26.2,31.8,68.3,57.4,52.0,31.5,31.3,8.1,13.4,64.9,43.0,45.2,34.4,68.268111107607,76.94643230801424,79.75399999999999,2.0201959608078384,2026,0,0,0.2000400000000028,,67.8,69.5,1.028,1.077,15.905326666667
James Madison,109.47509650754,112.63395896825,0.41893888214183,17–15,17,32,53.1,49.0,35.9,40.8,17.3,12.8,30.6,29.5,67.0,53.2,48.9,35.4,32.7,11.3,11.1,48.3,45.5,42.5,38.2,66.002241136951,77.28562590224787,80.01949999999998,2.0746,2026,0,0,22.04508,,70.3,72.4,1.106,1.102,10.639159375
Weber St.,111.06943075471,114.39164315883,0.41606845234639,14–16,14,30,51.7,54.5,39.2,36.4,15.7,16.3,31.8,27.7,69.8,51.6,57.1,34.5,33.5,4.3,11.0,45.9,50.4,32.8,38.8,68.579936856604,76.2494386609512,79.12399999999998,1.724889955982392,2026,0,0,5.807200000000002,,72.9,72.8,1.115,1.118,12.480193333333
San Jose St.,113.38698345022,116.89626774633,0.41325537791969,8–24,8,32,49.7,57.1,33.4,35.3,15.1,17.4,29.3,36.5,65.8,47.6,59.1,35.3,36.0,6.4,8.3,42.2,57.7,38.3,39.3,65.03610902681,76.57924490207955,80.059,1.2536507301460291,2026,0,0,29.015280000000004,,73.8,77.8,1.073,1.2,24.530509375
Rice,109.2053057642,112.65206839528,0.4115999115786,11–18,11,29,48.5,51.0,33.9,40.4,17.9,15.7,35.3,34.6,66.7,46.2,51.0,34.3,34.0,10.3,10.8,46.2,47.4,44.1,35.5,65.647421672391,76.50632653061226,79.29450000000001,2.231046209241849,2026,0,0,11.73304,,68.1,73.5,1.06,1.13,15.132082758621
La Salle,106.38830485444,109.89051619296,0.40794372577174,8–23,8,31,45.4,55.0,37.5,31.5,18.2,17.1,33.7,32.4,66.4,45.6,55.1,30.0,36.5,7.8,12.2,56.0,60.7,31.5,42.2,65.815127716235,77.37899917965545,80.179,1.8671734346869364,2026,0,0,10.538800000000004,,72.5,68.7,1.007,1.129,20.437366451613
Quinnipiac,104.37691612303,107.85726901436,0.4068017651984,18–13,18,31,48.2,48.9,33.8,30.6,15.9,17.4,34.1,32.0,69.8,46.7,47.1,34.0,34.9,11.6,11.2,49.4,52.5,33.7,35.4,70.13079341621,78.07185139824455,80.935,1.3756751350270058,2026,0,0,15.576760000000007,,69.1,73.3,1.055,1.033,11.032648387097
Marshall,112.18552892564,116.05213303369,0.40379354365706,18–13,18,31,54.8,50.3,29.2,41.1,16.6,16.3,31.9,33.8,70.7,54.6,50.3,36.8,33.6,13.1,8.1,56.5,46.0,44.3,39.6,69.452140736079,77.26770538243626,81.7775,2.41016406562625,2026,0,0,4.145520000000003,,73.0,72.6,1.138,1.116,10.570709677419
Drake,109.67835429053,113.51859824726,0.40232942081572,12–20,12,32,51.4,52.6,33.5,32.0,15.0,14.6,26.6,29.9,67.8,51.7,51.1,34.0,36.4,8.5,8.6,51.6,54.8,45.7,43.3,67.120186722749,76.94138827765552,80.28399999999999,1.9749949989998004,2026,0,0,10.032960000000005,,71.4,68.3,1.081,1.116,14.319159375
Tennessee St.,108.22170456248,112.12541017841,0.39950826861799,20–10,20,30,50.0,51.6,33.4,41.4,16.7,19.8,34.8,30.6,70.8,50.0,52.0,33.3,34.0,10.5,7.7,45.5,50.3,30.7,35.9,70.438515889273,77.07097435897437,79.563,2.507098580283943,2026,0,0,3.3020400000000016,,76.0,72.6,1.096,1.056,11.09791
Western Carolina,109.65422192799,113.76343666831,0.39578097954631,13–16,13,29,50.4,54.9,31.3,37.8,16.8,14.5,35.4,26.3,68.8,50.6,54.8,33.5,36.7,7.3,7.7,44.3,48.1,40.9,43.7,67.923357888502,77.2796731358529,81.045,1.82686925229908,2026,0,0,0.2000800000000028,,71.4,73.0,1.101,1.14,14.630296551724
Southern Miss,105.17839865333,109.16665192759,0.39460319852886,17–16,17,33,49.0,51.4,43.2,43.6,18.4,17.8,32.5,28.8,69.6,51.3,51.1,28.9,34.5,10.5,10.7,43.8,47.0,28.7,39.4,69.138794028062,77.67790649565578,79.7465,2.164232846569313,2026,0,0,2.024680000000003,,73.6,71.0,1.054,1.067,11.124915151515
Buffalo,111.45857830556,115.80637783603,0.39172523091397,15–15,15,30,55.4,55.1,39.6,31.4,16.2,17.9,27.1,31.1,67.6,54.1,56.9,37.9,35.1,8.4,8.1,54.4,58.8,45.5,42.0,66.536958012675,75.9754576543955,79.7085,2.305261052210442,2026,0,0,28.96024,,73.6,74.4,1.137,1.13,10.965723333333
Cal Poly,109.47867174603,113.75294433496,0.39163596771418,12–19,12,31,51.5,53.8,34.9,34.1,19.9,16.2,30.0,29.6,76.1,53.7,55.0,33.0,34.7,5.7,11.4,49.6,52.5,52.6,40.8,74.118804055591,77.43054682589566,79.457,1.0520208083233298,2026,0,0,0.1999200000000028,,78.5,72.4,1.065,1.117,14.986648387097
San Diego,108.49176376443,113.01704045649,0.38463044511207,10–21,10,31,51.2,54.7,25.8,38.8,17.5,18.9,28.1,34.5,68.8,50.8,58.5,34.6,32.7,7.5,10.1,59.1,57.3,43.7,40.1,68.17946239623,76.56846902838201,79.36549999999998,2.2145141943222706,2026,0,0,23.059920000000005,,74.7,73.5,1.045,1.132,17.7746
Bethune Cookman,104.46716022732,109.04497022391,0.37913827186521,16–15,16,31,51.0,49.7,40.9,38.6,19.2,15.8,30.1,31.7,70.9,51.6,49.9,33.0,32.9,11.2,7.1,50.4,47.7,29.7,33.1,69.055026493099,77.43315725314912,78.97200000000001,2.6034,2026,0,0,0.4903600000000028,,69.7,71.5,1.039,1.08,17.226312903226
South Dakota St.,107.68210817086,112.48928342543,0.37701043080539,11–18,11,29,52.0,51.8,29.7,34.5,16.1,14.5,30.3,25.1,67.9,52.7,52.4,34.0,34.1,7.1,7.8,51.3,52.7,38.8,47.0,67.038219964371,76.82662795520531,80.512,1.4698000000000009,2026,0,0,9.971040000000006,,72.0,74.5,1.091,1.093,13.432686206897
Ohio,108.56678552002,113.5408936671,0.37398191300002,13–17,13,30,50.9,53.0,36.9,38.2,15.5,16.1,28.4,32.8,70.4,54.5,51.9,30.1,36.8,8.6,7.5,46.6,47.7,38.1,33.6,68.938741955331,76.85349544072947,79.7265,2.154430886177235,2026,0,0,7.352040000000002,,71.0,73.2,1.081,1.127,13.527706666667
Tarleton St.,103.5095074074,108.39518567683,0.37042770572424,10–18,10,28,48.3,53.6,41.9,47.7,20.0,23.4,31.5,35.1,70.2,48.2,54.4,32.5,34.9,9.7,9.6,41.7,55.5,24.2,40.7,69.552791825323,75.5362076182503,78.45150000000001,1.8048,2026,0,0,12.3432,,74.2,73.2,1.018,1.064,15.985578571429
Stony Brook,105.37920288139,110.47325495558,0.36751467307616,15–15,15,30,50.2,50.7,28.4,35.4,16.8,17.1,28.0,32.4,66.4,48.5,48.8,34.8,35.7,10.5,11.7,52.4,53.3,45.8,39.8,66.206846734731,77.5838858750251,80.1435,1.6636672665466898,2026,0,0,3.225920000000003,,72.3,71.5,1.051,1.078,10.243086666667
Texas St.,104.81560527203,110.04733869234,0.36351471366084,17–13,17,30,50.0,52.0,34.0,39.1,18.6,18.5,33.9,28.4,67.3,50.5,51.1,32.2,35.7,10.6,10.1,48.2,43.8,24.6,37.5,66.193352125997,76.75825302440023,79.6495,2.0210000000000004,2026,0,0,0.2000000000000028,,76.2,71.4,1.056,1.064,7.4785766666667
Georgia Southern,110.52228780567,116.0888297191,0.36236999280855,19–16,19,35,51.4,52.3,39.6,41.4,14.6,18.7,28.8,35.2,71.1,52.7,52.9,33.4,34.3,9.9,9.2,41.1,46.4,48.9,39.5,70.148664118616,76.86707441386343,80.02700000000002,2.5089999999999995,2026,0,0,11.79872,,74.3,74.0,1.112,1.119,8.0322628571429
Samford,108.11658123457,113.78213523693,0.3572391263568,16–14,16,30,53.1,51.9,41.9,32.9,13.4,13.0,25.3,25.7,68.4,52.8,50.3,35.6,36.5,7.0,10.2,55.2,45.8,45.7,35.9,67.368687134942,75.83874873864782,79.04249999999998,1.778511404561825,2026,0,0,11.2244,,69.2,74.5,1.123,1.111,10.727643333333
Coastal Carolina,101.9534420252,107.54962876384,0.35102980096026,18–13,18,31,47.9,46.8,32.3,34.9,15.2,12.3,26.9,27.6,68.3,46.1,45.5,33.5,32.8,8.1,7.6,40.4,37.7,43.1,35.7,67.119877369394,77.4346431435445,80.4215,2.1251749650069987,2026,0,0,15.00912,,73.1,71.1,1.027,1.052,9.5885129032258
Lipscomb,105.22124581269,111.1236090564,0.34804441988208,17–13,17,30,54.1,53.2,26.0,29.0,16.0,17.7,25.8,30.2,70.5,54.5,54.3,35.7,34.3,7.2,10.1,62.3,46.2,47.9,40.2,69.497401614674,77.20148207490486,80.926,2.1607678464307143,2026,0,0,0.2000400000000028,,74.9,71.2,1.096,1.088,13.94109
Florida Gulf Coast,105.71633805965,111.72099747276,0.34630522215488,14–18,14,32,52.0,53.4,29.1,38.3,15.9,16.5,31.1,28.2,69.1,53.3,53.6,33.2,35.4,11.1,8.6,52.0,53.3,38.4,46.2,67.654531066429,77.19496986073581,79.925,1.7412,2026,0,0,22.10208,,72.1,74.0,1.096,1.115,11.229275
Old Dominion,106.54800482202,112.76741537099,0.34244538857042,11–21,11,32,50.7,50.8,34.7,42.0,15.4,14.5,26.0,30.3,70.3,48.8,52.4,36.0,32.0,8.1,11.1,49.0,51.4,36.2,36.4,68.941459950107,77.32541615915548,80.3685,2.1808914651209284,2026,0,0,15.593320000000002,,73.3,74.3,1.069,1.111,12.787259375
Saint Peter's,103.72323299106,109.77897587533,0.34241661888405,16–12,16,28,46.4,48.1,35.5,46.4,17.7,20.0,37.0,34.7,65.5,46.2,48.0,31.0,32.1,11.3,10.0,53.2,53.1,38.7,35.5,65.506302880298,76.70437737357585,79.61399999999999,2.07935238856686,2026,0,0,0.2001200000000028,,73.6,74.4,1.047,1.045,9.9024785714286
LIU,104.07793377617,110.17046881229,0.34203866972375,24–11,24,35,52.8,50.0,34.0,34.7,18.9,18.8,33.9,33.0,68.2,52.4,50.9,35.8,32.2,13.8,8.6,50.2,49.2,29.3,32.9,67.850723747001,77.54644351464435,78.691,2.414682936587317,2026,0,0,0.1999600000000028,,66.7,68.8,1.076,1.048,11.765385714286
Iona,104.71259770485,110.84711494913,0.34192590264632,18–14,18,32,51.9,48.9,29.3,28.8,17.2,16.6,27.8,31.2,68.5,51.2,51.0,35.1,30.6,8.1,11.1,53.7,56.5,45.9,40.7,69.18302347882,77.08086583622625,80.63449999999999,2.3229354129174173,2026,0,0,16.77,,70.7,73.3,1.058,1.048,8.610603125
Denver,115.11000798249,122.06485674803,0.33745888855038,12–17,12,29,53.6,56.0,34.1,36.8,14.3,13.0,29.8,32.8,69.4,52.6,56.6,36.8,36.7,5.0,7.9,40.2,42.4,38.6,37.0,68.056959261718,77.16128381106176,79.468,2.2825434913017397,2026,0,0,0.2000400000000028,,77.1,70.3,1.157,1.211,15.90985862069
Eastern Michigan,101.79397726981,108.04284798352,0.33511620828452,9–21,9,30,49.6,50.3,29.3,35.5,17.4,15.6,27.8,29.1,68.4,50.0,50.8,32.4,32.9,10.9,9.7,47.9,51.3,31.8,35.6,66.529390008233,77.97125628140701,80.76899999999999,1.887977595519104,2026,0,0,24.84296,,73.2,72.3,1.019,1.08,15.891813333333
Radford,106.6624910964,113.25943069043,0.33400372146933,13–16,13,29,51.3,53.0,42.4,40.0,17.1,18.5,29.8,32.2,72.4,52.3,52.9,33.5,35.5,9.2,9.6,45.7,54.3,45.4,37.9,70.718211481548,77.127624872579,80.20100000000001,2.0422,2026,0,0,27.82136,,71.0,71.8,1.086,1.098,11.011110344828
Charleston Southern,105.47400350374,112.25441809965,0.32816663832613,12–17,12,29,54.1,46.9,30.5,43.3,18.5,12.8,29.4,30.3,73.3,54.6,46.6,35.6,31.9,11.0,10.0,54.9,39.2,49.5,31.3,71.60473526288,77.03631170950635,80.28250000000001,2.202959408118377,2026,0,0,0.2000400000000028,,64.8,71.2,1.077,1.078,9.3936103448276
Boston University,112.1709057911,119.40058054172,0.32776860798429,16–17,16,33,57.5,53.6,31.4,30.5,17.8,13.0,28.0,28.0,63.5,56.9,52.8,38.8,36.6,9.6,8.9,53.6,49.4,43.8,40.6,63.168239904671,77.4351926163724,80.68650000000001,1.0457999999999998,2026,0,0,8.248920000000002,,73.4,72.7,1.144,1.142,7.1237787878788
American,105.66447408024,112.5285080179,0.32655996159538,14–16,14,30,51.5,54.4,28.7,42.1,15.6,19.2,26.9,29.4,66.7,53.3,55.1,33.0,35.5,4.4,10.0,49.5,53.7,46.5,37.0,66.794474679365,76.79798809279409,78.628,1.2547999999999997,2026,0,0,0.2000000000000028,,75.8,72.2,1.079,1.09,11.22639
Colgate,107.78625583318,114.95881685189,0.32281312808819,16–15,16,31,53.3,52.2,29.7,33.8,14.6,15.3,26.6,29.3,66.9,53.2,52.2,35.6,34.8,8.3,6.3,51.4,54.7,35.0,41.7,66.91027813366,77.33305921052633,80.16599999999998,1.4682127149140336,2026,0,0,0.2000800000000028,,74.7,71.9,1.102,1.111,13.48
Nebraska Omaha,106.17298571153,113.24664861722,0.32262543944441,12–17,12,29,52.2,52.7,34.5,33.6,16.1,14.1,25.5,28.7,68.6,53.0,55.6,34.0,32.9,9.1,10.5,46.9,53.4,40.9,45.5,67.124521539804,77.1264552388599,80.2295,2.4730946189237857,2026,0,0,5.565720000000003,,73.2,72.4,1.072,1.127,11.297362068966
Fairfield,105.82418796656,112.8887134313,0.32231157928174,20–13,20,33,48.8,51.0,27.7,30.4,15.3,16.8,35.8,29.1,67.1,48.2,50.8,33.2,34.3,9.4,10.5,45.2,52.6,35.4,35.9,67.096405438435,76.32513216754778,79.676,1.125774845030994,2026,0,0,0.2000400000000028,,70.5,73.6,1.083,1.068,6.9434515151515
Central Michigan,106.6771864715,113.80279944366,0.32222012221703,8–21,8,29,51.8,54.0,31.4,39.0,18.1,17.0,29.2,34.3,68.3,52.2,54.4,33.9,35.5,11.6,8.8,54.9,57.9,34.0,38.4,67.116816298988,77.4212774613507,81.0445,2.0343931213757247,2026,0,0,8.648840000000003,,69.7,69.1,1.049,1.137,14.532989655172
Nicholls St.,105.11008999101,112.17305181278,0.3212797427098,13–19,13,32,50.6,54.4,34.5,37.9,17.4,20.5,28.1,33.7,68.3,51.2,56.0,33.3,34.6,8.2,9.9,52.1,56.2,43.9,38.7,68.285900818886,77.63676948051946,80.293,2.6742,2026,0,0,5.597200000000004,,66.2,78.0,1.039,1.108,14.431765625
Southern,106.5037291313,113.73233626446,0.31969381836065,14–17,14,31,49.1,53.2,39.8,42.9,16.5,18.6,31.4,31.3,71.4,47.7,52.1,34.8,36.7,10.6,10.0,52.6,52.8,32.1,37.5,69.869933065699,76.71698504983387,79.335,2.525315189113468,2026,0,0,0.1998800000000028,,69.5,76.3,1.053,1.109,15.803083870968
Vermont,105.32546907595,112.5442156218,0.31813725532653,20–12,20,32,53.1,50.4,31.1,36.4,14.3,14.8,26.2,23.0,64.4,55.7,48.6,33.3,35.3,8.5,8.3,47.9,48.3,44.6,41.2,64.735001613279,77.51462578172281,80.34,1.771554310862172,2026,0,0,9.25236,,71.9,73.4,1.107,1.055,5.5630125
Long Beach St.,104.23891229372,111.41465347764,0.31743306027011,8–22,8,30,50.6,53.7,30.7,42.3,18.0,17.5,26.2,27.8,70.9,51.5,54.8,32.7,34.4,7.8,7.2,46.2,53.1,34.8,35.3,68.453260762743,77.48279372836488,80.763,1.434773909563825,2026,0,0,11.127,,72.5,75.0,1.021,1.101,15.31234
Southeast Missouri St.,101.31697776285,108.29688262045,0.31731094764294,17–13,17,30,49.8,48.8,38.8,48.0,16.9,18.1,29.6,28.2,69.9,51.8,48.4,30.9,33.1,9.9,9.5,45.7,43.9,36.0,33.2,68.980533316009,76.2491453850794,79.15749999999998,2.277033779732161,2026,0,0,9.746440000000002,,69.5,73.8,1.043,1.03,9.6022566666667
UNC Asheville,104.17586321814,111.43700435715,0.31542909224745,12–17,12,29,51.0,51.3,40.0,38.7,17.4,15.5,29.8,31.3,67.1,50.1,52.8,35.1,32.6,10.0,7.7,40.4,48.7,33.6,38.4,64.823370713811,78.62377066331868,81.14949999999999,1.9498100379924024,2026,0,0,1.978040000000003,,68.4,67.7,1.058,1.091,11.274662068966
Princeton,105.11980885183,112.49953455571,0.31426471439412,8–20,8,28,49.6,52.0,34.6,34.0,17.1,14.3,27.2,28.5,64.5,48.6,55.7,33.9,31.1,6.4,10.3,55.0,50.1,44.5,41.4,63.907633189969,77.57101449275362,80.0225,1.1080216043208648,2026,0,0,18.44884,,74.8,72.6,1.037,1.114,13.546492857143
East Carolina,104.01988638384,111.42973965619,0.31188105572823,10–20,10,30,46.4,52.3,39.2,32.2,17.1,16.2,33.4,32.5,69.2,47.5,52.2,29.3,34.9,10.7,8.1,47.3,54.6,31.1,38.8,68.656268646849,76.9309705336905,80.99000000000002,2.0870174034806954,2026,0,0,21.56188,,70.0,72.2,1.021,1.109,15.946433333333
UC Riverside,103.76661840662,111.23454715429,0.31019412938756,8–22,8,30,48.9,52.7,35.0,40.9,19.0,15.5,27.8,30.0,71.1,49.9,53.8,31.6,33.5,10.1,8.6,49.7,50.7,38.3,31.7,68.498979447923,77.94035016286645,80.50699999999999,2.062187562487502,2026,0,0,0.2000400000000028,,74.2,70.7,1.008,1.113,16.289246666667
Lamar,102.76895918532,110.19203143073,0.30959270105255,10–19,10,29,47.8,50.9,27.9,44.4,18.1,17.3,35.7,29.4,65.8,47.0,49.7,32.9,35.3,12.7,8.5,55.4,57.7,33.9,37.5,65.416265884529,77.20196640721015,81.122,2.1012,2026,0,0,0.2000000000000028,,70.7,68.9,1.035,1.067,12.623565517241
Elon,108.36892588063,116.55955982985,0.30197693816056,12–18,12,30,52.2,54.0,33.5,34.6,15.9,16.4,32.2,33.5,68.0,52.8,53.3,34.3,36.5,8.9,11.2,54.6,56.1,43.2,44.5,66.867807890667,77.71725110842401,80.38,1.9819999999999995,2026,0,0,6.999800000000003,,71.4,71.3,1.113,1.148,11.724696666667
Abilene Christian,99.888100095549,107.45133769597,0.301670353222,11–19,11,30,47.5,56.5,41.7,53.5,20.8,23.4,31.0,29.1,68.9,48.0,54.4,31.0,40.9,7.5,12.6,54.1,50.7,32.8,30.0,67.482586392473,77.45325203252033,80.184,2.2498,2026,0,0,12.449000000000002,,70.4,72.3,0.981,1.067,15.653643333333
Pepperdine,105.83776585693,113.92378014901,0.30013490984631,7–23,7,30,47.6,54.2,33.8,28.5,18.3,16.5,29.1,34.0,69.4,48.0,54.9,31.4,35.5,7.5,10.7,56.2,56.1,39.2,40.3,68.446785280222,78.49171842650102,81.636,1.413317336532693,2026,0,0,29.556,,75.8,72.3,1.005,1.138,19.802286666667
SIU Edwardsville,99.064901237697,106.7140491126,0.29831333204398,16–13,16,29,49.5,45.6,30.6,34.3,17.9,17.0,30.1,31.6,65.6,47.8,45.8,35.0,30.2,11.5,8.9,50.9,46.4,36.2,38.4,64.442013925856,77.25674019607843,81.4855,2.4789042191561683,2026,0,0,8.710200000000002,,67.1,70.6,1.023,0.996,6.141875862069
Tennessee Martin,98.207864946628,105.87254384296,0.29645821615116,19–11,19,30,48.7,46.1,37.4,35.8,21.4,20.0,37.0,32.0,66.0,51.5,46.7,30.3,30.2,12.3,10.9,56.2,53.4,47.1,39.5,64.343459392571,78.40947752126365,80.11099999999999,0.9957991598319668,2026,0,0,0.1999600000000028,,67.7,68.7,1.024,0.977,7.24487
Purdue Fort Wayne,105.27953552993,113.50735518472,0.29622097736227,14–15,14,29,52.6,56.1,30.6,28.5,14.5,19.1,22.9,34.5,69.0,53.7,55.5,34.2,37.9,9.1,8.3,49.8,55.9,45.3,44.1,67.751414585488,76.2772197669747,80.255,2.1916000000000007,2026,0,0,0.2000000000000028,,70.7,76.2,1.075,1.141,15.057696551724
Idaho St.,108.75070057103,117.38219372054,0.29352255575943,10–20,10,30,51.8,54.5,37.9,38.0,17.0,14.7,32.8,27.9,67.0,52.9,56.1,33.6,34.5,11.2,8.8,47.0,48.3,41.9,37.0,65.270071017308,77.39117291414753,80.244,2.0703859228154373,2026,0,0,0.2000400000000028,,74.1,76.6,1.094,1.153,13.836566666667
Wofford,108.32207757052,117.05337255885,0.29080208841241,17–13,17,30,52.5,53.8,36.2,36.8,13.4,14.9,29.8,29.0,68.4,52.5,53.4,35.0,36.4,8.6,9.5,51.2,50.6,43.1,38.0,67.851037221525,75.81373737373738,78.43050000000001,1.1588000000000005,2026,0,0,0.2000000000000028,,70.9,76.1,1.141,1.144,8.7883366666667
Milwaukee,106.632275975,115.26227714946,0.2900841187212,11–20,11,31,49.9,55.5,32.1,35.9,15.2,15.8,33.0,29.2,69.1,50.8,56.0,32.3,36.5,8.5,9.5,48.1,55.8,38.1,40.2,67.668127637217,76.59797365754814,79.58149999999999,1.8918000000000004,2026,0,0,7.696880000000004,,68.7,74.3,1.081,1.157,16.266748387097
Longwood,103.54927479139,111.9476329898,0.28970616062753,13–16,13,29,49.7,53.8,41.3,42.1,19.1,19.8,34.6,27.7,69.4,51.1,56.1,31.4,33.8,6.1,9.4,47.1,49.9,34.8,42.6,68.562970728572,76.84145351197726,79.391,2.107,2026,0,0,34.304,,74.0,69.3,1.062,1.067,8.3062206896552
UTEP,101.44489371867,109.84978868885,0.28590046195848,8–20,8,28,48.3,51.5,33.4,42.0,17.4,18.0,26.2,32.8,66.0,46.5,51.9,33.9,34.0,10.1,8.4,48.0,52.7,40.3,37.5,65.263106363798,76.87862468931233,80.16699999999999,2.0686,2026,0,0,0.779040000000002,,70.4,70.9,0.998,1.091,13.504892857143
Incarnate Word,109.25888934428,118.32978175162,0.28553164822482,9–19,9,28,50.2,54.5,34.0,41.6,17.2,15.7,32.1,32.0,65.4,47.7,56.0,36.1,34.4,7.0,9.8,44.2,51.8,39.1,35.4,65.496457048623,76.38143700386729,79.72599999999998,2.478704259148171,2026,0,0,0.2000400000000028,,71.2,71.7,1.077,1.147,14.331232142857
Mount St. Mary's,99.717316891934,108.00209428159,0.28540034163818,14–17,14,31,50.6,47.2,33.3,37.3,22.4,15.3,32.3,29.1,67.7,51.8,46.2,32.7,32.3,9.0,8.5,55.2,52.9,42.6,44.9,67.8386006629,76.98687664041995,80.43249999999998,2.283886445421832,2026,0,0,1.7421600000000026,,67.4,75.3,0.999,1.045,11.365825806452
Southern Utah,106.35747294791,115.23248968633,0.28461607310503,7–22,7,29,50.7,53.2,33.1,29.8,20.3,14.8,28.8,33.6,70.8,51.4,51.7,33.0,38.0,9.2,10.2,49.6,46.9,35.5,29.5,70.420951921273,78.70024321037697,82.044,2.0673595842494503,2026,0,0,11.369120000000006,,71.5,70.9,1.016,1.142,16.073344827586
Lindenwood,100.39832107876,108.9282263528,0.28135452485329,15–15,15,30,48.0,49.1,38.6,37.4,18.7,18.4,33.2,31.8,73.0,49.6,49.4,29.4,32.4,10.7,9.5,49.1,47.9,30.7,32.9,72.436157061813,77.04960067255149,79.56550000000001,1.877751100440176,2026,0,0,0.1999200000000028,,67.4,68.4,1.018,1.028,10.01533
Dartmouth,104.74870322348,113.71444177166,0.28000200835671,9–16,9,25,51.8,52.7,38.0,30.7,17.6,13.8,23.7,29.7,69.2,49.4,53.2,36.1,34.6,9.3,10.4,53.9,50.8,48.7,39.2,69.569084506376,77.03229839549905,79.34,1.8295659131826367,2026,0,0,0.1999600000000028,,74.2,71.2,1.05,1.127,13.643812
Loyola Chicago,103.551312262,112.44897932081,0.2792928674962,9–24,9,33,49.8,52.0,34.8,33.6,19.8,12.9,30.5,29.7,65.9,51.9,49.5,31.7,36.8,11.6,13.9,60.8,61.3,47.7,44.3,65.803891937809,77.45965770171148,80.40150000000001,1.865746298519407,2026,0,0,22.91312,,67.3,76.5,1.01,1.146,18.357306060606
North Dakota,106.55129835996,115.77139791277,0.27800152165903,15–17,15,32,49.4,56.5,37.8,43.8,14.1,19.4,27.4,32.4,69.2,49.7,57.2,32.7,37.1,7.8,8.3,42.4,58.8,40.6,42.9,67.353817761572,76.5764705882353,79.8015,1.5826834633073394,2026,0,0,15.38672,,69.5,70.9,1.064,1.142,13.342996875
Delaware,106.04780047007,115.30383391406,0.27641223512822,10–20,10,30,53.3,51.5,30.6,30.2,18.2,14.0,20.8,31.1,64.0,51.7,50.6,36.8,35.1,9.1,10.4,52.3,60.7,46.2,43.4,63.187721516597,78.5204405846219,80.44850000000001,1.7159136345461825,2026,0,0,14.548480000000003,,78.6,77.7,1.04,1.135,12.00549
Sacramento St.,105.24445349033,114.65771211852,0.27187046167806,7–21,7,28,47.0,55.0,41.2,36.2,14.1,17.1,25.2,33.4,72.3,46.6,56.8,31.9,35.2,7.8,8.5,48.9,57.9,35.6,43.7,71.680101183117,77.2461322081575,79.61949999999999,1.4809038192361523,2026,0,0,13.596840000000002,,78.1,72.5,1.045,1.151,16.004753571429
Ball St.,99.202173499724,108.30756006702,0.26700472703891,10–19,10,29,47.0,52.7,31.6,32.1,16.2,18.7,27.1,31.0,65.4,47.0,53.0,31.4,34.8,8.2,10.9,53.6,54.1,39.4,41.2,63.698952562714,76.30208118689471,79.1615,1.939012197560488,2026,0,0,8.687320000000001,,71.0,77.3,1.003,1.083,11.056965517241
South Dakota,104.46031644999,114.27863136421,0.26248896447631,13–16,13,29,49.9,54.5,45.2,31.0,16.6,15.9,28.7,30.3,71.4,50.7,55.7,32.3,34.5,6.0,9.4,46.1,42.8,35.9,30.0,69.993237580416,76.47820823244552,79.382,1.4364000000000003,2026,0,0,0.4490400000000029,,74.2,73.9,1.074,1.125,10.942117241379
Prairie View A&M,101.67983176327,111.26987757733,0.26182772408476,15–18,15,33,47.4,50.9,41.6,42.6,15.8,19.0,26.7,35.4,72.4,46.5,50.1,32.9,35.0,12.4,8.2,43.2,49.4,30.6,32.9,70.541497023071,76.44412191582003,79.35150000000002,2.79495899179836,2026,0,0,0.2257600000000028,,75.6,72.5,1.03,1.086,12.678148484848
Presbyterian,102.62641161216,112.42742876379,0.25942773148278,12–18,12,30,51.0,51.2,39.3,37.1,19.3,15.7,33.1,30.6,66.1,52.3,50.6,31.6,34.7,12.5,8.4,49.1,47.9,28.0,36.3,64.23074249531,78.26674912389198,80.66000000000003,1.554910982196438,2026,0,0,0.1999600000000028,,68.5,69.2,1.046,1.092,10.74906
Western Michigan,107.27019243901,117.53118584177,0.2591179072782,9–20,9,29,49.9,54.4,32.8,37.5,16.9,13.4,30.5,29.1,69.0,48.1,54.5,35.3,36.1,7.6,11.9,48.1,53.9,36.1,43.7,67.88421249143,77.09550789154187,80.292,1.5957616953218712,2026,0,0,10.810600000000004,,74.4,69.7,1.066,1.155,14.684534482759
UNC Greensboro,108.35084217003,118.84557136952,0.25670223192926,13–19,13,32,52.0,56.2,42.0,30.6,15.0,13.7,28.1,29.0,68.6,51.0,55.6,35.6,38.0,5.8,9.1,46.9,50.0,40.2,46.6,67.720237600832,75.79852125693161,79.07750000000001,1.594199999999999,2026,0,0,6.808240000000001,,70.4,70.7,1.105,1.181,8.7496625
Mercyhurst,101.65044715681,111.66775377576,0.25334284019502,15–17,15,32,49.5,50.1,25.6,42.6,14.3,18.7,26.4,29.9,64.5,50.0,51.0,32.1,32.3,11.0,6.3,54.2,52.5,31.1,33.6,64.629790518532,75.0315342631898,77.7935,1.895220955808838,2026,0,0,0.2000400000000028,,74.1,69.6,1.04,1.046,8.609509375
Jacksonville,103.89819967603,114.29924657979,0.25026551680974,10–20,10,30,50.0,54.8,32.8,42.7,17.2,15.0,31.7,29.1,65.2,51.5,55.0,31.7,36.3,8.0,7.5,44.7,50.8,37.4,35.2,63.567726381724,76.92064463484293,80.308,1.364054378248701,2026,0,0,21.197920000000003,,72.3,69.8,1.057,1.144,13.040203333333
Brown,98.234072341533,108.13570134011,0.24891846995781,7–18,7,25,48.6,51.3,28.1,37.6,19.5,18.7,29.0,30.0,66.7,50.4,52.2,30.3,33.5,12.0,9.4,59.5,55.3,36.3,43.0,66.726783346991,76.71026694045175,79.6235,1.5008998200359929,2026,0,0,9.6002,,68.4,75.9,0.988,1.065,10.045384
Louisiana,101.6020363031,111.96497552636,0.24658507199705,11–22,11,33,47.1,52.6,28.7,45.8,16.8,18.3,28.3,32.3,64.1,44.8,52.2,33.6,35.6,10.8,8.0,45.9,49.7,40.5,36.2,63.325286727061,77.05751316322397,79.56199999999998,1.4100820164032806,2026,0,0,26.214640000000003,,70.4,72.8,0.993,1.102,11.133978787879
Lehigh,102.24759266808,112.73793731884,0.2454199659408,16–17,16,33,52.9,50.6,31.8,32.5,17.7,16.2,23.2,31.4,66.5,52.2,51.2,36.1,32.9,7.6,8.3,54.3,44.5,38.3,31.8,66.736913430883,76.67382852465725,79.87499999999999,1.368926214757049,2026,0,0,0.8084000000000029,,72.6,75.3,1.046,1.083,9.3250515151515
Sacred Heart,107.28074063208,118.40565977424,0.24329940073629,13–19,13,32,52.0,53.5,31.0,27.0,17.7,14.5,28.6,30.9,68.4,50.4,54.4,35.7,34.8,8.6,9.3,58.6,59.8,50.7,43.5,68.432399595343,76.95668971126474,79.783,1.953018792483008,2026,0,0,3.240360000000002,,78.0,70.0,1.083,1.13,8.7405625
West Georgia,102.50754659245,113.22741678684,0.24162116085371,13–17,13,30,49.6,53.4,29.2,36.9,15.9,14.7,31.5,29.0,70.2,49.6,55.7,33.1,33.1,12.4,5.6,44.3,50.5,33.0,37.4,69.109922382245,77.22889381422527,79.8205,2.1899240303878447,2026,0,0,0.2000800000000028,,70.4,73.4,1.06,1.133,11.80099
Morehead St.,106.47329944488,117.63096765627,0.24120801162945,17–13,17,30,49.2,50.2,37.7,35.6,18.0,15.4,35.8,35.8,66.8,49.7,49.1,32.0,34.5,8.3,9.2,47.4,54.8,30.5,39.0,65.350692803701,76.68190018039687,79.6865,1.8330333933213363,2026,0,0,0.2000400000000028,,74.1,71.2,1.068,1.121,9.7145533333333
Arkansas Pine Bluff,105.07352881075,116.12798839242,0.24042071432641,11–19,11,30,50.0,52.6,38.4,43.6,18.7,16.5,27.9,34.2,71.2,49.8,54.4,33.6,33.2,7.8,8.7,56.3,53.8,37.2,37.3,69.349179385916,76.84328358208954,79.39049999999999,2.108021604320864,2026,0,0,21.1634,,75.5,75.7,1.035,1.145,15.80204
Florida A&M,99.126369887531,109.62257757443,0.23913088501174,13–16,13,29,49.2,51.2,37.4,39.6,21.5,19.1,30.9,30.9,70.3,49.4,50.6,32.6,34.9,8.1,9.7,52.6,49.7,37.7,34.4,68.024511960588,77.60738323475424,80.192,2.464507098580285,2026,0,0,22.69852,,70.3,75.2,0.992,1.063,10.971744827586
IU Indy,106.44942578649,117.75863024575,0.23846368968311,5–25,5,30,52.2,58.2,21.7,46.6,15.9,19.2,28.7,35.6,75.0,54.8,58.4,32.4,38.5,7.6,7.9,61.9,52.1,42.1,35.7,73.717641636612,76.49306971055852,78.873,1.6401999999999997,2026,0,0,0.2000000000000028,,72.1,74.3,1.075,1.185,12.539593333333
Northeastern,107.12517993856,118.52780060853,0.23808286306561,7–24,7,31,52.4,56.4,29.4,41.9,16.4,16.8,27.3,30.2,69.7,53.6,57.8,33.7,35.8,8.1,9.5,55.7,50.2,37.8,35.2,69.779732628953,77.68048780487807,80.21100000000001,1.3320664132826563,2026,0,0,0.1999600000000028,,69.0,73.9,1.071,1.158,11.027780645161
East Texas A&M,101.07516896417,111.87334803416,0.23734633440015,9–21,9,30,49.2,52.9,32.0,34.5,19.2,17.0,25.7,32.8,68.5,51.2,51.0,31.3,37.3,8.6,10.7,62.4,56.0,46.2,38.0,68.439202207945,77.03466239230615,79.3215,2.483,2026,0,0,11.977080000000004,,67.9,69.6,0.979,1.11,15.614646666667
Southeastern Louisiana,99.80215632615,110.54363293464,0.23585578459982,8–22,8,30,46.7,52.4,40.3,41.2,18.4,19.1,28.6,31.4,65.6,49.4,51.4,28.4,36.0,8.3,9.7,51.6,53.0,39.5,37.9,65.462591729777,76.7966,79.17849999999999,1.8484000000000005,2026,0,0,0.2000000000000028,,68.4,73.4,0.984,1.082,13.458473333333
Bellarmine,115.36042180612,128.00665477591,0.23214466520796,11–19,11,30,59.4,59.4,35.0,34.3,15.5,15.0,22.4,34.2,66.1,61.0,58.1,38.1,40.4,5.9,9.1,53.4,61.9,41.2,50.5,64.632308984308,77.85535606213436,79.8655,1.724489795918367,2026,0,0,0.1999200000000028,,78.8,73.3,1.183,1.249,11.437673333333
USC Upstate,99.662732958836,110.77198488265,0.22875686582563,10–19,10,29,48.3,51.0,32.8,36.0,18.2,16.4,29.2,31.4,69.2,48.9,49.5,31.4,35.6,12.4,11.0,46.0,44.7,35.6,36.1,67.626960246632,76.72730964467004,79.98599999999999,1.9788042391521692,2026,0,0,7.379840000000002,,68.1,70.4,1.008,1.074,12.779579310345
Grambling St.,96.625472902211,107.53017776576,0.22623656276683,12–19,12,31,48.8,50.0,41.1,40.0,21.2,20.8,30.3,32.5,69.4,48.9,50.5,32.3,32.7,7.5,13.1,51.6,52.6,38.1,35.2,67.560473526736,78.15956770502225,79.1905,2.6158768246350728,2026,0,0,0.2346000000000028,,72.9,72.0,0.995,1.027,10.451770967742
Eastern Kentucky,108.82929366725,121.11666488845,0.22614682704623,9–21,9,30,52.1,56.1,30.7,38.5,16.9,14.8,32.5,31.7,68.7,51.6,57.4,35.0,36.2,8.4,8.4,53.3,54.5,50.8,41.6,67.295794813091,76.06807990216062,79.3525,1.807361472294457,2026,0,0,8.294920000000003,,72.4,73.2,1.11,1.191,11.32028
Oral Roberts,102.65677036929,114.33449378483,0.22461394249191,7–23,7,30,49.7,53.6,34.8,39.1,18.5,14.7,28.4,31.8,69.2,51.1,52.2,32.0,37.4,9.1,9.8,47.1,46.0,45.6,36.6,67.745721000598,76.7458485216687,79.217,1.5336797921247256,2026,0,0,16.521159999999995,,74.0,69.0,1.03,1.144,13.031596666667
Houston Christian,101.91998803625,113.84422303409,0.21884767812562,10–20,10,30,49.7,54.2,36.0,30.7,18.9,17.6,29.9,32.5,64.4,50.9,55.3,31.7,35.0,10.6,9.9,58.7,53.8,36.5,37.4,64.138963757409,76.50539419087137,78.399,2.664267146570685,2026,0,0,7.268160000000002,,69.4,71.1,1.024,1.119,12.88621
Evansville,102.65438140584,114.68124886042,0.21856131219382,5–25,5,30,49.3,55.1,29.8,31.4,19.1,15.4,22.0,30.2,67.4,49.9,54.0,32.2,37.6,10.0,7.1,54.3,58.0,43.1,43.2,67.019902598787,78.74188376753506,81.55950000000001,1.69373874774955,2026,0,0,24.389679999999995,,73.6,74.5,0.969,1.153,18.20521
Hampton,101.02680904226,112.98601588588,0.21642908748874,11–19,11,30,45.7,52.0,39.2,46.5,17.0,17.2,32.9,30.0,66.0,47.1,54.0,28.8,32.1,8.4,11.8,48.9,50.5,37.1,33.6,65.43866703138,76.9867042707494,80.528,2.173199999999999,2026,0,0,9.190760000000004,,72.5,68.2,1.022,1.084,10.76805
Stetson,105.46039589131,117.95835327508,0.21619905427684,10–21,10,31,53.1,55.2,32.4,30.4,18.1,15.1,26.6,31.8,67.9,52.5,57.6,36.0,34.6,5.8,7.7,58.5,54.5,44.7,41.1,66.801720023578,76.73010450160771,81.09899999999999,1.827303617829302,2026,0,0,1.603160000000003,,69.2,74.6,1.055,1.173,12.526896774194
Alabama St.,100.16960574117,112.04610846942,0.2161025541581,9–22,9,31,47.1,52.2,34.9,42.3,18.3,18.7,31.9,31.5,71.3,46.8,52.8,31.8,34.2,11.0,11.0,47.6,55.0,38.5,40.4,69.323644721023,77.22240292742426,80.2525,2.1861627674465107,2026,0,0,3.563040000000003,,70.5,73.5,1.004,1.089,13.405741935484
Northwestern St.,100.88971278489,112.90221987111,0.215230093339,8–22,8,30,48.6,53.0,40.1,36.3,18.3,16.9,26.1,32.6,65.2,48.0,52.9,33.2,35.5,6.7,9.6,50.7,51.9,33.9,37.9,64.833204841238,75.93385605146761,78.33999999999999,2.135627125425085,2026,0,0,0.1999600000000028,,74.0,70.0,1.01,1.114,14.367756666667
Chattanooga,106.0101069792,118.65766179699,0.21481480080933,10–19,10,29,54.2,51.7,29.7,42.6,14.4,13.2,21.8,31.7,67.6,55.8,52.1,35.0,34.2,7.6,7.7,55.6,53.3,49.2,44.2,67.094164844315,75.6888888888889,79.45700000000001,1.9642,2026,0,0,0.2000000000000028,,77.4,70.9,1.097,1.155,9.3924310344827
Alabama A&M,104.61968169726,117.1658831327,0.21374810817073,15–15,15,30,49.2,52.1,45.4,38.6,16.5,16.6,27.5,29.5,67.3,47.5,51.5,35.0,35.4,7.7,8.5,48.0,56.1,34.0,36.5,65.277826057562,77.2003828972559,80.0535,2.4658931786357265,2026,0,0,17.374960000000005,,73.8,72.1,1.056,1.093,8.51826
Texas Southern,102.21333943171,114.50222009343,0.21322099613333,10–18,10,28,49.7,52.5,38.2,44.0,18.5,16.5,28.8,31.2,70.6,49.8,53.5,33.1,34.1,10.0,7.7,43.2,55.3,32.5,43.2,68.753588093942,76.46830911770898,79.587,2.6837162837162847,2026,0,0,1.011120000000003,,71.9,70.9,1.029,1.113,14.458935714286
Central Connecticut,104.6686429298,117.37500247575,0.21121697327263,16–12,16,28,51.6,50.2,31.2,26.9,16.2,14.0,27.5,30.4,65.2,50.5,50.3,35.8,33.4,10.9,6.5,50.9,54.0,34.9,39.3,64.879851054798,77.48775425487756,79.8595,1.6778,2026,0,0,0.2000000000000028,,76.7,77.2,1.077,1.098,6.6491714285714
North Carolina A&T,104.68566642259,117.41329643845,0.21090374888569,9–19,9,28,50.7,52.9,42.3,37.5,18.6,14.1,31.7,28.6,69.1,52.3,51.7,31.6,36.6,10.2,8.4,45.4,58.5,32.7,38.1,68.554646857429,77.91509819967266,80.31450000000001,1.3366653338664536,2026,0,0,5.272080000000003,,73.5,69.4,1.064,1.13,9.7098357142857
Wagner,102.38148772062,114.84065165342,0.21070923938597,11–17,11,28,49.6,50.4,32.3,40.8,18.5,14.9,32.8,29.6,65.3,46.6,49.9,36.6,34.3,6.5,10.4,48.9,54.1,36.1,35.8,65.515585602124,76.53867113812619,78.429,1.969800000000001,2026,0,0,0.2000000000000028,,72.6,71.8,1.048,1.095,9.5017714285714
Le Moyne,101.28614407303,113.89210777917,0.20603840632365,14–17,14,31,52.7,49.3,39.5,32.7,19.1,15.0,25.2,29.1,69.2,53.5,46.1,34.3,36.0,9.1,9.5,56.5,54.9,40.8,39.7,69.518458173186,77.04063860667632,79.25550000000001,1.7208558288342326,2026,0,0,0.2304400000000032,,71.8,73.8,1.045,1.068,7.6951774193548
Cleveland St.,109.92230880289,123.90895052676,0.2014282271623,8–22,8,30,54.2,57.2,37.9,35.5,17.8,15.1,27.0,36.6,71.4,52.0,59.5,37.5,36.2,7.3,14.4,57.9,58.6,50.8,44.0,69.643098673885,76.11909302818393,78.9275,2.183636727345469,2026,0,0,6.603160000000003,,76.2,75.9,1.101,1.241,12.51066
Georgia St.,99.422952070118,112.41285556082,0.19589578425094,8–22,8,30,44.2,50.6,37.2,34.9,15.9,16.4,27.7,33.6,68.8,42.9,51.2,30.6,33.1,8.3,8.7,50.6,51.4,42.4,39.0,67.969260639506,77.26185147507631,79.75150000000001,1.3126625325065016,2026,0,0,17.552440000000004,,78.6,70.5,0.991,1.092,10.435833333333
Northern Arizona,105.36581662833,119.68210529114,0.18768705630608,7–22,7,29,51.7,56.9,31.8,32.7,16.0,16.6,23.3,33.4,65.5,50.7,56.1,35.6,38.7,7.8,8.9,51.0,49.9,36.7,40.0,63.819208119024,76.58400646203555,79.573,1.533586565373851,2026,0,0,0.2000800000000028,,68.9,72.2,1.04,1.185,13.283068965517
Albany,104.00786825421,118.17675888441,0.18713702675466,8–21,8,29,51.3,53.2,24.9,35.7,18.5,15.8,32.7,32.4,65.6,52.8,52.7,32.6,36.0,11.8,9.4,48.9,56.4,37.6,40.6,65.308381218904,77.04187293729373,81.2705,1.971605678864228,2026,0,0,1.1821200000000032,,65.9,73.5,1.046,1.135,9.1516344827586
UMass Lowell,103.1120959157,117.16212912964,0.18708965812687,12–18,12,30,49.8,53.5,34.9,28.3,18.0,14.2,32.7,29.4,68.9,50.5,54.4,32.2,34.6,7.6,10.4,45.4,47.5,31.3,35.0,69.374264618376,76.2854792266557,78.964,1.766553310662132,2026,0,0,6.675000000000004,,65.7,71.6,1.041,1.124,11.406126666667
Lafayette,100.98763433688,115.84888715361,0.17096287199991,10–21,10,31,49.3,53.6,32.4,30.6,15.3,15.1,25.8,28.6,66.9,50.0,53.4,32.2,36.0,6.4,10.5,55.4,59.0,39.8,38.0,66.871215659668,75.85544925124792,80.4925,1.2800560112022414,2026,0,0,2.068960000000003,,68.9,74.2,1.029,1.122,9.4024161290323
Tennessee Tech,102.13311297608,117.25523512838,0.16968311688211,10–18,10,28,48.9,51.5,35.5,31.3,19.1,15.1,31.3,30.7,68.3,50.1,50.3,31.1,35.8,7.1,10.8,45.4,50.8,36.5,36.1,67.070609023925,76.57046979865774,78.9345,2.2749450109978,2026,0,0,4.087560000000003,,76.2,73.9,1.029,1.107,9.06585
Bucknell,99.058533569327,114.0606535269,0.16496732033939,10–23,10,33,48.5,54.7,29.8,35.3,19.0,17.9,27.0,31.3,66.9,50.4,54.1,30.6,37.0,5.9,11.5,54.0,61.8,42.7,45.7,67.118708427558,76.28944150020382,80.70299999999999,1.3215356928614277,2026,0,0,0.2000400000000028,,76.8,75.2,0.995,1.128,11.228024242424
NJIT,97.278798726241,112.09553526269,0.16378105581619,15–17,15,32,46.7,50.0,33.2,37.9,17.1,16.2,26.2,32.1,67.9,47.5,51.1,30.4,32.3,9.0,9.0,45.7,52.6,40.1,40.7,68.083226573273,76.44316275167787,79.93849999999999,1.0857314148681056,2026,0,0,0.2001600000000028,,70.5,69.7,0.974,1.085,11.179346875
Loyola MD,103.95649969034,119.92757518953,0.16198557414614,10–20,10,30,50.4,54.7,29.9,32.7,15.5,15.3,27.6,29.0,68.1,51.9,58.3,32.6,32.8,9.6,8.3,48.8,55.5,47.2,39.6,68.242673856457,77.14181964898124,79.5345,1.326734653069387,2026,0,0,0.2000400000000028,,71.5,73.0,1.064,1.133,7.8784
North Florida,107.05207371628,123.73419243416,0.15903401618865,5–25,5,30,52.9,56.3,28.8,31.4,17.9,12.7,25.2,37.6,72.0,53.4,58.7,35.0,35.1,3.5,12.6,50.6,52.2,51.7,39.0,70.594213576014,77.1655172413793,79.45450000000001,1.693,2026,0,0,0.2000000000000028,,77.8,70.3,1.068,1.24,16.496596666667
Little Rock,101.21770451699,117.00767507665,0.15881024424552,10–20,10,30,49.4,51.8,27.7,33.1,18.4,18.5,31.5,36.6,67.6,47.9,51.9,35.3,34.4,12.5,5.6,52.2,53.7,31.0,40.3,66.488941950823,78.50582847626978,80.48949999999999,2.388755502200881,2026,0,0,24.550920000000005,,68.0,69.2,1.019,1.097,8.6296033333333
New Haven,96.351340038412,111.57244300043,0.15620542708646,11–17,11,28,48.7,51.8,31.7,27.7,17.8,17.1,21.5,26.8,63.5,51.0,52.1,30.2,34.3,6.1,7.7,49.7,48.9,39.8,38.4,63.433004001153,77.26095820591233,80.50099999999999,1.6528694261147776,2026,0,0,0.2000400000000028,,70.2,76.1,0.967,1.061,11.152957142857
Cal St. Bakersfield,101.71625969784,117.93324397353,0.15430690548171,6–24,6,30,45.7,54.0,42.2,42.6,18.9,17.9,30.4,35.6,72.6,46.6,53.9,29.0,36.0,13.6,9.1,44.6,54.2,28.9,39.0,70.061265972344,77.44123115058875,80.03400000000002,2.3914782956591334,2026,0,0,0.1999600000000028,,73.8,72.9,0.991,1.148,13.811606666667
Norfolk St.,101.7300378526,118.10178114598,0.15237701132934,11–17,11,28,49.3,51.7,43.5,45.3,18.7,18.8,32.5,32.3,69.1,48.4,54.4,34.2,32.0,8.7,10.8,45.9,58.1,30.6,41.6,68.148841219056,76.6515736040609,79.4325,2.4109178164367124,2026,0,0,0.2075600000000028,,68.1,71.3,1.036,1.08,10.265796428571
Eastern Illinois,97.129420199703,113.14978857831,0.14733169603664,10–20,10,30,45.7,50.8,33.5,35.3,18.6,19.3,28.2,35.2,66.2,44.9,53.1,31.7,31.7,8.6,11.7,48.7,58.0,29.9,41.2,65.663973711537,76.33246388443018,79.3505,2.1166466586634662,2026,0,0,0.1999200000000028,,74.4,74.4,0.964,1.078,12.989143333333
Manhattan,104.11043047802,121.44882367795,0.1453597112309,11–20,11,31,47.9,53.9,34.0,25.7,15.6,16.7,28.6,37.0,68.1,47.8,53.3,32.0,36.6,5.9,10.7,49.6,61.5,37.1,38.0,68.009356451724,75.37659137577002,79.2915,1.8776244751049795,2026,0,0,6.529120000000002,,79.6,73.6,1.05,1.154,8.9238419354839
Niagara,100.44597901501,117.33103554498,0.14345796981357,7–22,7,29,50.5,52.8,26.6,33.8,18.9,16.6,24.8,32.9,63.1,50.5,52.7,33.7,35.3,8.7,9.7,60.0,52.5,40.5,40.4,62.272477347482,76.04572122193,79.6055,2.0057988402319533,2026,0,0,0.2000400000000028,,72.2,77.8,0.999,1.132,10.324827586207
Jackson St.,101.15541746676,118.34551870939,0.14125211705794,12–21,12,33,45.7,53.0,37.4,41.9,19.4,16.5,29.7,37.2,71.1,44.6,53.5,31.4,34.8,8.1,12.4,45.8,60.9,43.3,39.7,69.636009831635,76.48477315102548,79.74899999999998,1.8668532586965212,2026,0,0,23.160360000000004,,75.8,74.7,0.981,1.17,17.958039393939
UTSA,100.88387810911,118.03781979061,0.14113415038078,3–25,3,28,44.8,53.3,29.5,33.3,17.5,14.7,30.2,38.7,69.6,45.5,53.8,29.2,35.1,11.9,13.1,42.8,56.0,41.3,43.3,68.615298805846,77.7867231638418,79.71949999999998,1.5520895820835832,2026,0,0,23.7166,,69.8,72.0,0.967,1.192,17.275675
Holy Cross,100.97304057598,118.15363595427,0.14099860595074,9–22,9,31,49.8,54.8,31.5,27.6,15.3,14.1,21.9,27.0,65.8,50.4,57.2,32.5,34.0,4.9,8.3,44.7,50.3,37.3,39.0,65.492052978314,76.60632183908046,78.85,1.4284856971394286,2026,0,0,12.00588,,77.2,74.5,1.032,1.136,9.0143935483871
Stonehill,92.420003959542,108.65193188813,0.1346133915407,10–21,10,31,46.9,47.8,27.3,30.3,19.4,13.4,27.5,27.1,66.6,46.5,46.7,31.7,33.4,9.9,13.6,51.3,44.0,40.5,32.4,66.410820957498,77.58774259448415,80.1575,2.2339999999999995,2026,0,0,0.2000000000000028,,68.5,68.0,0.949,1.028,8.5889967741935
North Alabama,100.16275646933,117.87155925708,0.13328853429055,7–21,7,28,48.0,55.2,37.6,30.3,17.5,14.5,31.2,32.2,65.6,49.1,56.5,30.7,35.7,11.1,9.9,40.5,55.4,33.7,43.3,64.8667287006,77.6917480773228,79.97800000000001,1.894021195760848,2026,0,0,6.4862800000000025,,68.4,75.5,1.026,1.179,10.071617857143
Chicago St.,100.39069126711,118.63711939648,0.12780590886549,6–25,6,31,45.3,56.7,30.0,38.0,15.6,20.1,28.3,35.0,65.8,44.0,60.0,32.1,35.6,4.9,8.7,50.3,72.7,30.9,50.8,65.698605327428,75.65647445105685,78.56350000000002,2.4983999999999997,2026,0,0,2.097120000000004,,75.0,75.1,0.987,1.159,14.813141935484
Fairleigh Dickinson,100.92715448355,119.37836505057,0.12665783370588,8–21,8,29,47.1,55.2,32.8,36.3,18.1,16.1,32.0,27.3,64.1,48.6,54.1,30.3,37.8,4.7,9.4,51.0,51.3,45.2,40.5,64.098151986867,77.33066502463053,80.898,2.2465013994402243,2026,0,0,0.6007600000000028,,70.1,71.3,1.011,1.128,11.790272413793
Canisius,96.114849860566,113.76648149064,0.12576355551175,9–21,9,30,46.3,52.2,31.4,35.2,19.6,16.0,29.3,29.8,64.3,44.0,54.3,33.3,33.0,8.5,9.7,55.4,56.5,39.5,44.0,64.10800162325,77.29267799352753,80.7175,1.7845569113822766,2026,0,0,3.330200000000004,,71.9,72.9,0.963,1.105,8.5547066666667
Army,99.942824335455,118.49952088347,0.12362161962418,9–21,9,30,49.3,55.1,26.8,39.6,17.2,15.4,29.6,27.7,67.3,50.7,56.4,32.0,35.6,4.8,11.2,59.0,53.5,53.3,41.7,67.208451669626,75.96579734929458,78.28999999999999,1.3272654530906176,2026,0,0,0.1999600000000028,,71.7,74.8,1.032,1.15,8.8274133333333
Air Force,96.344205664927,114.27714747708,0.12313813923951,3–29,3,32,48.9,56.4,35.1,36.6,21.9,15.1,21.4,31.3,67.4,51.1,56.3,30.6,37.6,6.8,11.9,55.9,54.2,41.8,38.8,66.354730708539,78.2230560767146,81.10549999999999,0.7299459891978393,2026,0,0,0.1999600000000028,,64.1,72.7,0.913,1.185,20.806271875
Alcorn St.,97.37808338862,115.64298054527,0.12164701577139,9–23,9,32,47.7,55.0,31.8,39.4,19.6,18.1,26.9,35.5,69.5,46.5,58.0,33.3,33.0,9.1,11.1,46.6,55.7,33.7,35.1,67.993164716368,76.1951964176674,78.786,1.995600879824036,2026,0,0,1.7258000000000029,,70.8,72.7,0.96,1.151,16.443121875
Northern Illinois,95.958491454431,114.47803736503,0.11615320873493,7–21,7,28,47.6,55.6,38.3,38.3,21.8,16.3,30.3,30.0,69.0,48.5,56.3,30.9,36.3,5.3,14.5,51.8,53.9,45.0,37.7,67.538584220903,76.53672199170124,79.2805,0.7912417516496697,2026,0,0,1.1318800000000029,,65.7,73.3,0.961,1.143,14.946782142857
Southern Indiana,96.336203280296,114.99185550479,0.11550563734108,5–23,5,28,43.7,49.4,37.2,36.2,17.2,16.4,31.4,33.8,68.5,43.0,48.7,29.9,34.1,9.7,14.1,43.0,40.3,39.7,27.1,67.741792942651,76.45668290616393,79.65650000000001,2.4102,2026,0,0,3.1216400000000024,,66.6,72.9,0.971,1.076,6.6424928571429
The Citadel,100.44466375218,120.86142650318,0.106411340232,8–22,8,30,49.5,57.5,30.0,33.3,16.3,14.7,27.9,31.5,64.8,51.0,59.6,32.0,36.6,7.8,10.7,50.6,52.2,47.8,44.1,64.212871540994,76.89991659716428,78.832,2.0082,2026,0,0,0.2000000000000028,,66.5,68.7,1.034,1.194,8.3634733333333
Louisiana Monroe,101.61694305458,122.81202498545,0.10168751239568,2–28,2,30,47.8,57.1,38.8,27.7,16.9,15.7,25.1,35.4,70.7,47.4,58.4,32.2,36.9,8.7,11.7,50.2,58.1,41.9,42.3,70.292961284716,76.49653485527924,78.825,1.3391321735652868,2026,0,0,0.2000400000000028,,72.7,69.7,1.006,1.197,11.878416666667
Maine,92.479000496618,111.88021031508,0.10063921879437,7–24,7,31,49.6,50.6,38.4,33.9,19.1,19.4,19.7,34.3,64.9,51.2,54.5,31.2,29.3,9.1,9.0,54.4,52.4,37.0,36.8,64.798510756272,77.08351736599074,80.34150000000001,1.8412317536492695,2026,0,0,5.372840000000002,,64.3,68.9,0.943,1.056,7.9369516129032
New Hampshire,95.641175653925,116.28285844349,0.095577812884519,7–21,7,28,46.7,53.4,28.5,35.8,16.5,15.8,25.7,26.9,67.2,47.4,54.6,30.5,34.3,5.6,11.3,44.3,48.0,43.1,36.9,67.441245578642,76.05346169602623,79.23500000000001,1.3621448579431772,2026,0,0,5.4136000000000015,,65.1,75.5,0.967,1.108,12.94295
Saint Francis,100.84944084458,122.65165095086,0.095282689381186,5–24,5,29,48.9,58.9,30.8,38.3,18.4,18.4,27.5,33.1,70.0,47.5,60.1,34.2,38.1,4.9,10.8,51.6,56.3,37.8,40.9,70.049167927268,76.78885031652031,78.8985,2.3519999999999994,2026,0,0,0.2000000000000028,,69.5,71.5,0.996,1.182,12.596472413793
North Carolina Central,100.44660857063,122.58764625482,0.091887844139295,10–18,10,28,47.5,54.5,39.3,36.9,18.1,19.9,30.0,39.4,66.7,46.7,54.5,32.6,36.4,10.0,12.4,52.7,58.2,33.9,40.6,65.810645109084,75.87426284751474,78.626,2.5518896220755845,2026,0,0,0.2000400000000028,,73.8,71.6,1.01,1.155,14.178564285714
South Carolina St.,95.817164490777,117.31749349307,0.088823654154851,8–22,8,30,46.8,53.9,41.1,51.9,20.8,18.8,31.4,37.6,70.3,44.8,56.3,34.0,33.5,11.3,9.6,52.6,57.9,33.3,38.9,68.892389507701,77.97093495934959,81.2385,1.5653999999999997,2026,0,0,0.2000000000000028,,66.8,73.2,0.96,1.147,12.299386666667
Morgan St.,99.186407301482,121.48862494922,0.088472819652587,11–16,11,27,45.8,51.7,42.7,50.9,17.8,16.5,30.7,35.2,70.7,44.9,53.7,31.7,31.5,8.5,10.4,52.2,56.4,35.2,31.9,70.498493122966,76.17071164129987,79.70100000000001,2.5916899720335604,2026,0,0,0.2002400000000028,,74.3,70.3,1.01,1.127,7.9395481481481
Bryant,97.099255045881,120.1414660673,0.079528789603219,7–22,7,29,46.9,52.7,29.4,33.5,20.2,14.6,27.7,31.0,64.4,48.7,51.8,30.0,36.3,10.7,8.7,53.1,51.3,47.9,35.8,64.269164820232,79.24176268445522,81.64500000000001,1.1635672865426918,2026,0,0,17.228680000000004,,76.0,71.1,0.966,1.124,10.898475862069
Maryland Eastern Shore,93.627811415411,116.41214738287,0.075521785752972,7–23,7,30,47.8,50.7,29.5,43.0,23.8,17.9,32.4,33.6,64.5,49.9,51.1,29.0,33.5,7.8,8.6,56.5,56.1,33.5,39.7,63.334985260822,77.33394532843737,80.37449999999998,2.475,2026,0,0,0.2000000000000028,,71.5,74.3,0.948,1.087,14.580983333333
Rider,96.624966316791,120.17662113649,0.075268516355454,3–25,3,28,42.8,55.2,30.1,32.5,16.9,15.3,32.6,32.8,65.7,43.3,54.0,27.7,37.9,9.3,8.3,44.3,54.4,27.5,39.9,65.738387601238,77.67835303709741,80.41950000000001,1.7553999999999998,2026,0,0,13.211200000000003,,70.1,71.4,0.954,1.169,15.67195
Binghamton,98.949092663328,123.37141073819,0.073316263337157,5–23,5,28,50.0,54.3,41.5,34.6,18.8,13.3,20.9,29.4,65.1,50.6,54.7,32.5,35.8,8.0,8.8,48.7,48.8,30.9,39.2,65.560060001986,76.30296311227576,79.4825,2.282343531293741,2026,0,0,2.9376400000000022,,75.3,69.4,1.004,1.153,6.6234714285714
VMI,99.35901844294,124.58168774772,0.069038621619304,3–26,3,29,47.6,57.0,30.6,34.6,15.3,15.7,25.6,37.2,67.6,47.9,58.9,31.5,36.5,6.4,10.5,50.7,62.3,53.6,46.5,66.859668825151,76.62446220036878,78.5425,1.286657331466293,2026,0,0,0.1999600000000028,,72.2,73.0,1.014,1.231,9.3267413793103
UMKC,93.181412180035,117.97593586725,0.062197608887176,1–27,1,28,45.7,56.3,29.2,31.4,18.2,16.4,26.4,35.9,71.4,47.6,56.2,28.4,37.6,8.2,9.4,46.2,52.4,36.8,39.0,69.771973971953,76.9515996718622,80.2405,2.2628000000000004,2026,0,0,0.7421600000000028,,66.2,70.2,0.934,1.181,14.591989285714
Gardner Webb,95.977319531616,122.02463091388,0.059452940709142,2–28,2,30,47.8,56.9,30.3,35.2,19.8,15.3,23.2,36.6,70.8,48.6,59.0,31.0,36.0,6.6,10.4,41.0,55.3,39.8,41.0,69.640588457542,76.02762317048031,79.231,1.3324670131947225,2026,0,0,5.733480000000004,,68.5,72.6,0.935,1.224,15.13693
Delaware St.,88.783470975681,114.28275575967,0.051982553352921,5–22,5,27,42.9,52.9,34.1,40.5,19.9,19.5,27.7,32.0,66.0,43.1,54.8,28.4,33.0,5.2,11.0,45.8,55.5,28.9,34.7,65.527434963972,76.00020052135554,80.1155,2.0202040408081614,2026,0,0,0.1999600000000028,,68.9,71.0,0.895,1.071,9.2418555555556
Coppin St.,92.013299498952,119.01002769477,0.049328890641736,6–24,6,30,45.9,55.4,38.5,42.9,22.3,17.5,30.4,34.8,69.1,45.8,53.9,30.7,38.3,10.9,12.0,51.5,62.5,35.2,43.2,68.603950385429,77.57719475277497,80.3355,2.0905818836232752,2026,0,0,3.476120000000003,,67.2,74.3,0.927,1.169,12.373263333333
Mississippi Valley St.,91.531223625886,121.25547435628,0.037905206522795,2–30,2,32,45.2,55.5,33.9,50.8,21.9,17.1,26.4,35.5,69.7,45.6,55.3,29.5,37.2,7.9,9.0,52.9,59.5,30.2,42.5,67.258444380244,76.75670145283405,80.5525,2.19876148621654,2026,0,0,0.2002400000000028,,71.6,75.0,0.901,1.193,12.17920625
Western Illinois,93.156200407587,123.64435404427,0.037111374208857,2–26,2,28,44.5,54.2,37.7,34.8,17.5,14.9,27.0,34.8,67.3,43.5,54.6,30.9,35.6,5.2,11.1,37.0,49.9,33.3,34.6,66.523335286803,77.11486208316181,79.01899999999999,2.058964621227264,2026,0,0,0.2001200000000028,,66.2,70.5,0.935,1.161,7.8236214285714
