{
  "moneyline": {
    "accuracy": 0.6813165155695704,
    "brier_score": 0.2083000347106702,
    "log_loss": 0.6048627059509649
  },
  "spread": {
    "mae": 11.378422068190424,
    "rmse": 14.481455061746466
  },
  "total": {
    "mae": 15.113580119576941,
    "rmse": 19.172606731783457
  }
}