{
  "moneyline": {
    "accuracy": 0.6817106819077651,
    "brier_score": 0.208468958735466,
    "log_loss": 0.6051628717413501
  },
  "spread": {
    "mae": 11.378422068190424,
    "rmse": 14.481455061746466
  },
  "total": {
    "mae": 15.113580119576941,
    "rmse": 19.172606731783457
  }
}