{
  "spread": {
    "baseline_mae": 11.611657235723385,
    "extended_mae": 10.638209208784621,
    "improvement_points": 0.9734480269387635,
    "improvement_percent": 8.383368602579317
  },
  "total": {
    "baseline_mae": 16.002523068939116,
    "extended_mae": 15.723878309691466,
    "improvement_points": 0.27864475924764953,
    "improvement_percent": 1.741255163621659
  },
  "moneyline": {
    "baseline_accuracy": 0.6525487660308223,
    "extended_accuracy": 0.6795990947300355,
    "improvement_percentage_points": 2.70503286992132
  }
}